delta_x,delta_y,theta_deg,counts_meas,T_geom_m2sr,counts_pred,eps_proxy
-14,-14,69.25295140163489,0.0,4.47921504244832e-07,0.3427102333555844,0.0
-13,-14,68.566619642028,0.0,1.0143613133865726e-06,0.8223797543100653,0.0
-12,-14,67.86623136792106,0.0,1.7195911990367072e-06,1.4301314366176823,0.0
-11,-14,67.15713191386092,0.0,2.584061633458926e-06,2.1585988137940464,0.0
-10,-14,66.44623369171494,0.0,3.626690629689188e-06,3.115029660860996,0.0
-9,-14,65.7421808579139,0.0,4.862430911553834e-06,4.314533387013977,0.0
-8,-14,65.05543641291374,0.0,6.2991141870674275e-06,5.869211978185713,0.0
-7,-14,64.3982431428705,1.0,7.933747697181504e-06,7.703192077176438,0.12981631380617792
-6,-14,63.784405501538615,3.0,9.748692840201898e-06,9.703986866430515,0.3091512840333749
-5,-14,63.228845629781695,0.0,1.170844984189524e-05,11.910301454576162,0.0
-4,-14,62.74690849122661,0.0,1.3758013565192888e-05,14.181114440370555,0.0
-3,-14,62.35343125851404,0.0,1.5823813557381894e-05,16.485026059388343,0.0
-2,-14,62.061647270397664,2.0,1.7817965496728088e-05,18.708282191198034,0.10690452386595761
-1,-14,61.88205317814457,2.0,1.9645886788628328e-05,20.75015152229361,0.09638483833967353
0,-14,61.82140989004083,3.0,2.121638651541474e-05,22.463542923145393,0.1335497258942595
1,-14,61.88205317814457,1.0,1.9645886788628328e-05,20.75015152229361,0.04819241916983676
2,-14,62.061647270397664,0.0,1.7817965496728088e-05,18.708282191198034,0.0
3,-14,62.35343125851404,2.0,1.5823813557381894e-05,16.485026059388343,0.12132222253060895
4,-14,62.74690849122661,1.0,1.3758013565192888e-05,14.181114440370555,0.07051631972965516
5,-14,63.228845629781695,2.0,1.170844984189524e-05,11.910301454576162,0.16792186223225797
6,-14,63.784405501538615,0.0,9.748692840201898e-06,9.703986866430515,0.0
7,-14,64.3982431428705,2.0,7.933747697181504e-06,7.703192077176438,0.25963262761235584
8,-14,65.05543641291374,0.0,6.2991141870674275e-06,5.869211978185713,0.0
9,-14,65.7421808579139,0.0,4.862430911553834e-06,4.314533387013977,0.0
10,-14,66.44623369171494,1.0,3.626690629689188e-06,3.115029660860996,0.32102423054411605
11,-14,67.15713191386092,0.0,2.584061633458926e-06,2.1585988137940464,0.0
12,-14,67.86623136792106,0.0,1.7195911990367072e-06,1.4301314366176823,0.0
13,-14,68.566619642028,0.0,1.0143613133865726e-06,0.8223797543100653,0.0
14,-14,69.25295140163489,0.0,4.47921504244832e-07,0.3427102333555844,0.0
-14,-13,68.566619642028,0.0,1.0143613133865726e-06,0.8223797543100653,0.0
-13,-13,67.80718215579364,0.0,2.3161095471563493e-06,1.92694760453037,0.0
-12,-13,67.0266948488858,0.0,3.9605249345757e-06,3.3135815017583568,0.0
-11,-13,66.23057961857945,0.0,6.005552007715459e-06,5.207955816998585,0.0
-10,-13,65.42618405481251,0.0,8.507616384487537e-06,7.722915858527768,0.0
-9,-13,64.6230664748477,0.0,1.1515201999167006e-05,11.05143739972366,0.0
-8,-13,63.83320567697634,0.0,1.5059959705643508e-05,14.961594813362284,0.0
-7,-13,63.07106565542146,2.0,1.9145610511471984e-05,19.560378698862962,0.10224750915053905
-6,-13,62.35343125851404,0.0,2.373572033607287e-05,24.72753908908254,0.0
-5,-13,61.698929737653955,5.0,2.8742486284943804e-05,30.58148421528658,0.16349762375171709
-4,-13,61.12717611454784,5.0,3.401970522698591e-05,37.02202195199627,0.1350547521819076
-3,-13,60.65753596474337,6.0,3.9363576618308835e-05,43.6193936275952,0.13755349400832073
-2,-13,60.30758709991969,4.0,4.452430701317293e-05,49.399632873518925,0.0809722616814068
-1,-13,60.0914649349183,6.0,4.9229266505906366e-05,54.66180764667326,0.10976585404535487
0,-13,60.01836063115067,8.0,5.3215012053446536e-05,59.10275597267492,0.13535747814701998
1,-13,60.0914649349183,6.0,4.9229266505906366e-05,54.66180764667326,0.10976585404535487
2,-13,60.30758709991969,9.0,4.452430701317293e-05,49.399632873518925,0.1821875887831653
3,-13,60.65753596474337,6.0,3.9363576618308835e-05,43.6193936275952,0.13755349400832073
4,-13,61.12717611454784,2.0,3.401970522698591e-05,37.02202195199627,0.05402190087276305
5,-13,61.698929737653955,6.0,2.8742486284943804e-05,30.58148421528658,0.1961971485020605
6,-13,62.35343125851404,1.0,2.373572033607287e-05,24.72753908908254,0.04044074084353627
7,-13,63.07106565542146,3.0,1.9145610511471984e-05,19.560378698862962,0.1533712637258086
8,-13,63.83320567697634,1.0,1.5059959705643508e-05,14.961594813362284,0.06683779453156254
9,-13,64.6230664748477,2.0,1.1515201999167006e-05,11.05143739972366,0.18097193402642897
10,-13,65.42618405481251,1.0,8.507616384487537e-06,7.722915858527768,0.12948477211438006
11,-13,66.23057961857945,0.0,6.005552007715459e-06,5.207955816998585,0.0
12,-13,67.0266948488858,0.0,3.9605249345757e-06,3.3135815017583568,0.0
13,-13,67.80718215579364,0.0,2.3161095471563493e-06,1.92694760453037,0.0
14,-13,68.566619642028,0.0,1.0143613133865726e-06,0.8223797543100653,0.0
-14,-12,67.86623136792106,0.0,1.7195911990367072e-06,1.4301314366176823,0.0
-13,-12,67.0266948488858,0.0,3.9605249345757e-06,3.3135815017583568,0.0
-12,-12,66.15736397620765,0.0,6.83497799991456e-06,5.946421740258243,0.0
-11,-12,65.26346752642529,0.0,1.046495783433511e-05,9.609892738687854,0.0
-10,-12,64.3525543477082,0.0,1.4975031215313898e-05,14.567134417511017,0.0
-9,-12,63.43494882292201,3.0,2.0479999999999997e-05,20.671433046072725,0.1451278193105222
-8,-12,62.52415070201769,2.0,2.706648204652676e-05,28.06791599039842,0.07125573557666938
-7,-12,61.637084076636626,3.0,3.4768296866527356e-05,37.08411432951248,0.08089717266383584
-6,-12,60.7940677526006,7.0,4.353741496598638e-05,47.99531669535773,0.14584756351190123
-5,-12,60.01836063115067,6.0,5.3215012053446557e-05,59.10275597267495,0.10151810861026493
-4,-12,59.335151081155516,6.0,6.351030772829026e-05,70.71319880202562,0.08484978903016514
-3,-12,58.76993022442898,12.0,7.39969938721239e-05,85.56176750839755,0.1402495571263444
-2,-12,58.34632546962621,17.0,8.413621797512765e-05,99.98908741891753,0.17001855341249636
-1,-12,58.083652987429666,15.0,9.332973264920332e-05,112.77440227917668,0.13300890713538888
0,-12,57.99461679191651,26.0,0.00010099734881959344,122.72162747457209,0.21186159713687955
1,-12,58.083652987429666,21.0,9.332973264920332e-05,112.77440227917668,0.18621246998954444
2,-12,58.34632546962621,19.0,8.413621797512765e-05,99.98908741891753,0.1900207361669077
3,-12,58.76993022442898,11.0,7.39969938721239e-05,85.56176750839755,0.12856209403248237
4,-12,59.335151081155516,11.0,6.351030772829026e-05,70.71319880202562,0.15555794655530275
5,-12,60.01836063115067,10.0,5.3215012053446557e-05,59.10275597267495,0.16919684768377488
6,-12,60.7940677526006,6.0,4.353741496598638e-05,47.99531669535773,0.12501219729591534
7,-12,61.637084076636626,4.0,3.4768296866527356e-05,37.08411432951248,0.10786289688511445
8,-12,62.52415070201769,0.0,2.706648204652676e-05,28.06791599039842,0.0
9,-12,63.43494882292201,2.0,2.0479999999999997e-05,20.671433046072725,0.09675187954034814
10,-12,64.3525543477082,2.0,1.4975031215313898e-05,14.567134417511017,0.13729536246990476
11,-12,65.26346752642529,0.0,1.046495783433511e-05,9.609892738687854,0.0
12,-12,66.15736397620765,0.0,6.83497799991456e-06,5.946421740258243,0.0
13,-12,67.0266948488858,0.0,3.9605249345757e-06,3.3135815017583568,0.0
14,-12,67.86623136792106,0.0,1.7195911990367072e-06,1.4301314366176823,0.0
-14,-11,67.15713191386092,0.0,2.584061633458926e-06,2.1585988137940464,0.0
-13,-11,66.23057961857945,0.0,6.005552007715459e-06,5.207955816998585,0.0
-12,-11,65.26346752642529,0.0,1.046495783433511e-05,9.609892738687854,0.0
-11,-11,64.26043515332165,1.0,1.6188312796987732e-05,15.806825760204374,0.06326380863371209
-10,-11,63.228845629781695,3.0,2.3416899683790518e-05,23.820602909152363,0.12594139667419327
-9,-11,62.17947171866276,4.0,3.238717670222446e-05,33.89848004992523,0.11799939094935387
-8,-11,61.12717611454784,4.0,4.329780665252754e-05,47.11893702981345,0.0848915585143419
-7,-11,60.0914649349183,4.0,5.6262018863893e-05,62.47063731048374,0.06403008152645699
-6,-11,59.09673032602228,11.0,7.124705714195396e-05,80.61590670211243,0.13644949799605444
-5,-11,58.171942883738076,13.0,8.80086664089561e-05,105.7553202991794,0.12292525769127544
-4,-11,57.34954116147778,25.0,0.00010603669445332353,131.26579792129314,0.19045326654693387
-3,-11,56.66334051820683,24.0,0.0001245349308589702,157.18935855881813,0.15268209133266183
-2,-11,56.145485187379485,30.0,0.00014245897740784776,184.83167370664665,0.16230984332054546
-1,-11,55.82278575311073,43.0,0.0001586249358241749,209.39207357550035,0.20535638845228552
0,-11,55.713123022791045,44.0,0.00017187838808309833,228.2077024658136,0.1928068138129184
1,-11,55.82278575311073,43.0,0.0001586249358241749,209.39207357550035,0.20535638845228552
2,-11,56.145485187379485,31.0,0.00014245897740784776,184.83167370664665,0.1677201714312303
3,-11,56.66334051820683,20.0,0.0001245349308589702,157.18935855881813,0.12723507611055154
4,-11,57.34954116147778,18.0,0.00010603669445332353,131.26579792129314,0.13712635191379238
5,-11,58.171942883738076,9.0,8.80086664089561e-05,105.7553202991794,0.0851021014785753
6,-11,59.09673032602228,7.0,7.124705714195396e-05,80.61590670211243,0.08683149872476191
7,-11,60.0914649349183,8.0,5.6262018863893e-05,62.47063731048374,0.12806016305291398
8,-11,61.12717611454784,6.0,4.329780665252754e-05,47.11893702981345,0.12733733777151285
9,-11,62.17947171866276,4.0,3.238717670222446e-05,33.89848004992523,0.11799939094935387
10,-11,63.228845629781695,1.0,2.3416899683790518e-05,23.820602909152363,0.04198046555806442
11,-11,64.26043515332165,0.0,1.6188312796987732e-05,15.806825760204374,0.0
12,-11,65.26346752642529,0.0,1.046495783433511e-05,9.609892738687854,0.0
13,-11,66.23057961857945,1.0,6.005552007715459e-06,5.207955816998585,0.19201391777096785
14,-11,67.15713191386092,0.0,2.584061633458926e-06,2.1585988137940464,0.0
-14,-10,66.44623369171494,1.0,3.626690629689188e-06,3.115029660860996,0.32102423054411605
-13,-10,65.42618405481251,1.0,8.507616384487537e-06,7.722915858527768,0.12948477211438006
-12,-10,64.3525543477082,0.0,1.4975031215313898e-05,14.567134417511017,0.0
-11,-10,63.228845629781695,2.0,2.3416899683790518e-05,23.820602909152363,0.08396093111612885
-10,-10,62.06164727039765,1.0,3.4265318262938706e-05,35.977465752304,0.027795176205148913
-9,-10,60.86161797684106,2.0,4.796796805688644e-05,52.74197936409631,0.03792045774758094
-8,-10,59.64455852152441,8.0,6.49349812732152e-05,72.21531964541701,0.11077981845515106
-7,-10,58.432438492890626,10.0,8.545474236730404e-05,100.99785687563998,0.0990120019310225
-6,-10,57.25413079191856,31.0,0.00010957773678007164,136.01932493152177,0.22790879175151613
-5,-10,56.145485187379485,27.0,0.00013697978596908435,177.7227631794679,0.15192201334803057
-4,-10,55.14828595098202,37.0,0.00016683483561923728,227.41600282644515,0.1626974335145488
-3,-10,54.30767803914882,32.0,0.00019774741886977265,274.35625366477655,0.11663667065194493
-2,-10,53.667916257882915,54.0,0.00022780318389022615,321.0782448055859,0.16818330383205254
-1,-10,53.2668334470439,77.0,0.0002547764261034625,364.12782997200253,0.21146419927837007
0,-10,53.13010235415599,94.0,0.0002764799999999999,397.0082686218852,0.23677088723188933
1,-10,53.2668334470439,60.0,0.0002547764261034625,364.12782997200253,0.16477729813898967
2,-10,53.667916257882915,51.0,0.00022780318389022615,321.0782448055859,0.15883978695249407
3,-10,54.30767803914882,43.0,0.00019774741886977265,274.35625366477655,0.156730526188551
4,-10,55.14828595098202,40.0,0.00016683483561923728,227.41600282644515,0.17588911731302573
5,-10,56.145485187379485,19.0,0.00013697978596908435,177.7227631794679,0.10690808346713263
6,-10,57.25413079191856,12.0,0.00010957773678007164,136.01932493152177,0.08822275809736108
7,-10,58.432438492890626,13.0,8.545474236730404e-05,100.99785687563998,0.12871560251032926
8,-10,59.64455852152441,6.0,6.49349812732152e-05,72.21531964541701,0.0830848638413633
9,-10,60.86161797684106,4.0,4.796796805688644e-05,52.74197936409631,0.07584091549516188
10,-10,62.06164727039765,1.0,3.4265318262938706e-05,35.977465752304,0.027795176205148913
11,-10,63.228845629781695,1.0,2.3416899683790518e-05,23.820602909152363,0.04198046555806442
12,-10,64.3525543477082,1.0,1.4975031215313898e-05,14.567134417511017,0.06864768123495238
13,-10,65.42618405481251,0.0,8.507616384487537e-06,7.722915858527768,0.0
14,-10,66.44623369171494,0.0,3.626690629689188e-06,3.115029660860996,0.0
-14,-9,65.7421808579139,0.0,4.862430911553834e-06,4.314533387013977,0.0
-13,-9,64.6230664748477,3.0,1.1515201999167006e-05,11.05143739972366,0.27145790103964346
-12,-9,63.43494882292201,1.0,2.0479999999999997e-05,20.671433046072725,0.04837593977017407
-11,-9,62.17947171866276,4.0,3.238717670222446e-05,33.89848004992523,0.11799939094935387
-10,-9,60.86161797684106,5.0,4.796796805688644e-05,52.74197936409631,0.09480114436895236
-9,-9,59.49104113379719,6.0,6.801998086938039e-05,75.68745314174956,0.0792733769065136
-8,-9,58.083652987429666,18.0,9.332973264920332e-05,112.77440227917668,0.15961068856246666
-7,-9,56.66334051820683,20.0,0.0001245349308589702,157.18935855881813,0.12723507611055154
-6,-9,55.26351871874204,37.0,0.00016191600607185023,220.08036612433526,0.1681204037033304
-5,-9,53.9279946610351,42.0,0.0002051277181203273,286.8459538746015,0.14642005380477097
-4,-9,52.71037887919576,69.0,0.00025292134263337325,368.40703659889175,0.18729283956409526
-3,-9,51.67118189854413,69.0,0.00030295857988165667,455.0824410842692,0.15162087958305345
-2,-9,50.872017509052405,108.0,0.00035185214190617896,541.0755394312067,0.1996024438907967
-1,-9,50.367207149697315,124.0,0.000395541007622405,622.7771251404845,0.19910814799440232
0,-9,50.1944289077348,130.0,0.0004299919376511692,682.4213926401906,0.19049813121632755
1,-9,50.367207149697315,124.0,0.000395541007622405,622.7771251404845,0.19910814799440232
2,-9,50.872017509052405,104.0,0.00035185214190617896,541.0755394312067,0.19220976078373017
3,-9,51.67118189854413,83.0,0.00030295857988165667,455.0824410842692,0.1823845363100498
4,-9,52.71037887919576,66.0,0.00025292134263337325,368.40703659889175,0.1791496726265259
5,-9,53.9279946610351,43.0,0.0002051277181203273,286.8459538746015,0.14990624556202742
6,-9,55.26351871874204,22.0,0.00016191600607185023,220.08036612433526,0.09996348328306132
7,-9,56.66334051820683,14.0,0.0001245349308589702,157.18935855881813,0.08906455327738608
8,-9,58.083652987429666,13.0,9.332973264920332e-05,112.77440227917668,0.1152743861840037
9,-9,59.49104113379719,15.0,6.801998086938039e-05,75.68745314174956,0.198183442266284
10,-9,60.86161797684106,3.0,4.796796805688644e-05,52.74197936409631,0.05688068662137141
11,-9,62.17947171866276,3.0,3.238717670222446e-05,33.89848004992523,0.08849954321201539
12,-9,63.43494882292201,1.0,2.0479999999999997e-05,20.671433046072725,0.04837593977017407
13,-9,64.6230664748477,1.0,1.1515201999167006e-05,11.05143739972366,0.09048596701321449
14,-9,65.7421808579139,1.0,4.862430911553834e-06,4.314533387013977,0.23177477383993192
-14,-8,65.05543641291374,0.0,6.2991141870674275e-06,5.869211978185713,0.0
-13,-8,63.83320567697634,1.0,1.5059959705643508e-05,14.961594813362284,0.06683779453156254
-12,-8,62.52415070201769,5.0,2.706648204652676e-05,28.06791599039842,0.17813933894167344
-11,-8,61.12717611454784,2.0,4.329780665252754e-05,47.11893702981345,0.04244577925717095
-10,-8,59.64455852152441,4.0,6.49349812732152e-05,72.21531964541701,0.05538990922757553
-9,-8,58.08365298742965,12.0,9.33297326492034e-05,112.77440227917687,0.10640712570831093
-8,-8,56.45910026804731,23.0,0.0001299043207546821,165.68868121806568,0.13881455166952117
-7,-8,54.79547624892069,43.0,0.00017594348164746274,241.6256484013987,0.17796123997799518
-6,-8,53.13010235415599,56.0,0.00023224319999999994,333.4869456423836,0.1679226150580775
-5,-8,51.51535637157245,92.0,0.0002986126951869437,450.48993108826573,0.20422210054229645
-4,-8,50.01930949246517,108.0,0.00037330191061358447,597.2040129144655,0.1808427231976224
-3,-8,48.72306040712623,142.0,0.000452543875730015,750.1215740299809,0.18930264761899054
-2,-8,47.7132109090621,153.0,0.0005305069855754243,890.5157259061943,0.17181055376007678
-1,-8,47.069172110165034,226.0,0.000599936231267935,1011.9532454700466,0.2233304759994364
0,-8,46.84761026599459,265.0,0.0006535241462476392,1104.177160724327,0.23999771904914532
1,-8,47.069172110165034,223.0,0.000599936231267935,1011.9532454700466,0.2203659121587359
2,-8,47.7132109090621,188.0,0.0005305069855754243,890.5157259061943,0.2111136216136891
3,-8,48.72306040712623,146.0,0.000452543875730015,750.1215740299809,0.19463511656600435
4,-8,50.01930949246517,122.0,0.00037330191061358447,597.2040129144655,0.20428529842694385
5,-8,51.51535637157245,68.0,0.0002986126951869437,450.48993108826573,0.1509467699660452
6,-8,53.13010235415599,57.0,0.00023224319999999994,333.4869456423836,0.17092123318411462
7,-8,54.79547624892069,41.0,0.00017594348164746274,241.6256484013987,0.16968397300227447
8,-8,56.45910026804731,23.0,0.0001299043207546821,165.68868121806568,0.13881455166952117
9,-8,58.08365298742965,12.0,9.33297326492034e-05,112.77440227917687,0.10640712570831093
10,-8,59.64455852152441,8.0,6.49349812732152e-05,72.21531964541701,0.11077981845515106
11,-8,61.12717611454784,5.0,4.329780665252754e-05,47.11893702981345,0.10611444814292738
12,-8,62.52415070201769,7.0,2.706648204652676e-05,28.06791599039842,0.24939507451834284
13,-8,63.83320567697634,1.0,1.5059959705643508e-05,14.961594813362284,0.06683779453156254
14,-8,65.05543641291374,0.0,6.2991141870674275e-06,5.869211978185713,0.0
-14,-7,64.3982431428705,1.0,7.933747697181504e-06,7.703192077176438,0.12981631380617792
-13,-7,63.071065655421464,3.0,1.9145610511471964e-05,19.56037869886294,0.15337126372580875
-12,-7,61.637084076636626,3.0,3.4768296866527356e-05,37.08411432951248,0.08089717266383584
-11,-7,60.0914649349183,9.0,5.6262018863893e-05,62.47063731048374,0.14406768343452825
-10,-7,58.432438492890626,9.0,8.545474236730404e-05,100.99785687563998,0.08911080173792026
-9,-7,56.66334051820683,22.0,0.0001245349308589702,157.18935855881813,0.1399585837216067
-8,-7,54.79547624892069,30.0,0.00017594348164746274,241.6256484013987,0.12415900463581059
-7,-7,52.851906313522925,49.0,0.00024208737315761672,350.9390158894842,0.13962539866308513
-6,-7,50.872017509052405,89.0,0.0003247865925287805,499.4543440903446,0.1781944657265832
-5,-7,48.91621694993935,130.0,0.00042440161950479076,701.579035302827,0.18529630085637788
-4,-7,47.06917211016504,209.0,0.0005387182484854924,908.6927102180006,0.23000074464101258
-3,-7,45.43882509998972,257.0,0.0006619136313796087,1148.1226500326607,0.22384368080595668
-2,-7,44.14764869887605,310.0,0.0007842110499609878,1404.965375845429,0.22064600689071037
-1,-7,43.31385665828306,442.0,0.0008928996539792384,1634.4700050602696,0.27042405099609135
0,-7,43.02506598911803,505.0,0.0009749437206966779,1795.597487697594,0.28124343203862273
1,-7,43.31385665828306,425.0,0.0008928996539792384,1634.4700050602696,0.2600231259577801
2,-7,44.14764869887605,326.0,0.0007842110499609878,1404.965375845429,0.23203418789152122
3,-7,45.43882509998972,274.0,0.0006619136313796087,1148.1226500326607,0.23865046124837405
4,-7,47.06917211016504,195.0,0.0005387182484854924,908.6927102180006,0.21459399619616007
5,-7,48.91621694993935,136.0,0.00042440161950479076,701.579035302827,0.19384843781897995
6,-7,50.872017509052405,86.0,0.0003247865925287805,499.4543440903446,0.17218791070209163
7,-7,52.851906313522925,57.0,0.00024208737315761672,350.9390158894842,0.1624213821182827
8,-7,54.79547624892069,27.0,0.00017594348164746274,241.6256484013987,0.11174310417222952
9,-7,56.66334051820683,30.0,0.0001245349308589702,157.18935855881813,0.1908526141658273
10,-7,58.432438492890626,12.0,8.545474236730404e-05,100.99785687563998,0.118814402317227
11,-7,60.0914649349183,12.0,5.6262018863893e-05,62.47063731048374,0.192090244579371
12,-7,61.637084076636626,1.0,3.4768296866527356e-05,37.08411432951248,0.026965724221278613
13,-7,63.071065655421464,0.0,1.9145610511471964e-05,19.56037869886294,0.0
14,-7,64.3982431428705,1.0,7.933747697181504e-06,7.703192077176438,0.12981631380617792
-14,-6,63.784405501538615,1.0,9.748692840201898e-06,9.703986866430515,0.10305042801112498
-13,-6,62.35343125851404,4.0,2.373572033607287e-05,24.72753908908254,0.16176296337414509
-12,-6,60.7940677526006,8.0,4.353741496598638e-05,47.99531669535773,0.16668292972788712
-11,-6,59.09673032602228,3.0,7.124705714195396e-05,80.61590670211243,0.03721349945346939
-10,-6,57.25413079191856,10.0,0.00010957773678007164,136.01932493152177,0.07351896508113423
-9,-6,55.26351871874204,32.0,0.00016191600607185023,220.08036612433526,0.14540143022990737
-8,-6,53.13010235415599,48.0,0.00023224319999999994,333.4869456423836,0.14393367004978072
-7,-6,50.872017509052405,65.0,0.0003247865925287805,499.4543440903446,0.13014202553065066
-6,-6,48.527065691059505,155.0,0.00044321329639889195,736.6634629423929,0.21040815487291378
-5,-6,46.16089318197516,204.0,0.0005891953573588042,1004.2016310770134,0.2031464535475894
-4,-6,43.87496690858163,313.0,0.0007603646080570059,1371.92950282454,0.22814583355456167
-3,-6,41.810314895778596,474.0,0.0009481481481481482,1770.5727709999867,0.26770997937141755
-2,-6,40.140066148783866,628.0,0.001136650362624388,2183.9683630354402,0.2875499529339149
-1,-6,39.043262269600525,763.0,0.0013041134486699395,2557.682656235111,0.2983169151731787
0,-6,38.659808254090095,920.0,0.0014277215942891132,2820.1916544213354,0.3262189640756069
1,-6,39.043262269600525,750.0,0.0013041134486699395,2557.682656235111,0.29323418922658456
2,-6,40.140066148783866,623.0,0.001136650362624388,2183.9683630354402,0.2852605424806194
3,-6,41.810314895778596,474.0,0.0009481481481481482,1770.5727709999867,0.26770997937141755
4,-6,43.87496690858163,341.0,0.0007603646080570059,1371.92950282454,0.24855504550193458
5,-6,46.16089318197516,229.0,0.0005891953573588042,1004.2016310770134,0.2280418522666567
6,-6,48.527065691059505,144.0,0.00044321329639889195,736.6634629423929,0.19547596323677152
7,-6,50.872017509052405,80.0,0.0003247865925287805,499.4543440903446,0.1601748006531085
8,-6,53.13010235415599,32.0,0.00023224319999999994,333.4869456423836,0.09595578003318715
9,-6,55.26351871874204,38.0,0.00016191600607185023,220.08036612433526,0.172664198398015
10,-6,57.25413079191856,25.0,0.00010957773678007164,136.01932493152177,0.1837974127028356
11,-6,59.09673032602228,11.0,7.124705714195396e-05,80.61590670211243,0.13644949799605444
12,-6,60.7940677526006,6.0,4.353741496598638e-05,47.99531669535773,0.12501219729591534
13,-6,62.35343125851404,1.0,2.373572033607287e-05,24.72753908908254,0.04044074084353627
14,-6,63.784405501538615,0.0,9.748692840201898e-06,9.703986866430515,0.0
-14,-5,63.228845629781695,1.0,1.170844984189524e-05,11.910301454576162,0.08396093111612898
-13,-5,61.698929737653955,1.0,2.8742486284943804e-05,30.58148421528658,0.03269952475034341
-12,-5,60.01836063115067,4.0,5.3215012053446557e-05,59.10275597267495,0.06767873907350995
-11,-5,58.171942883738076,6.0,8.80086664089561e-05,105.7553202991794,0.0567347343190502
-10,-5,56.145485187379485,37.0,0.00013697978596908435,177.7227631794679,0.20818942569915302
-9,-5,53.9279946610351,47.0,0.0002051277181203273,286.8459538746015,0.16385101259105322
-8,-5,51.51535637157245,75.0,0.0002986126951869437,450.48993108826573,0.16648540805078516
-7,-5,48.91621694993935,135.0,0.00042440161950479076,701.579035302827,0.19242308165854627
-6,-5,46.16089318197516,220.0,0.0005891953573588042,1004.2016310770134,0.21907950872779247
-5,-5,43.313856658283065,358.0,0.0007972318339100339,1459.348218803811,0.24531499431536846
-4,-5,40.489039427861485,488.0,0.0010467813456162727,1998.1887964885607,0.2442211671177257
-3,-5,37.863646361730375,822.0,0.0013259566762072105,2657.901337018245,0.30926655875125786
-2,-5,35.67917778351085,1101.0,0.0016098932757716222,3377.0001385230476,0.326029006466529
-1,-5,34.21057985417024,1467.0,0.0018625105089568644,3981.375169685865,0.3684656525638974
0,-5,33.690067525979785,1576.0,0.0020449704142011835,4407.518527090198,0.3575708168470162
1,-5,34.21057985417024,1420.0,0.0018625105089568644,3981.375169685865,0.35666068619000296
2,-5,35.67917778351085,1175.0,0.0016098932757716222,3377.0001385230476,0.34794194604738565
3,-5,37.863646361730375,805.0,0.0013259566762072105,2657.901337018245,0.3028705350301248
4,-5,40.489039427861485,524.0,0.0010467813456162727,1998.1887964885607,0.26223748272477104
5,-5,43.313856658283065,361.0,0.0007972318339100339,1459.348218803811,0.24737070655823468
6,-5,46.16089318197516,228.0,0.0005891953573588042,1004.2016310770134,0.22704603631789402
7,-5,48.91621694993935,121.0,0.00042440161950479076,701.579035302827,0.1724680954124748
8,-5,51.51535637157245,90.0,0.0002986126951869437,450.48993108826573,0.19978248966094217
9,-5,53.9279946610351,36.0,0.0002051277181203273,286.8459538746015,0.12550290326123226
10,-5,56.145485187379485,24.0,0.00013697978596908435,177.7227631794679,0.13504178964269384
11,-5,58.171942883738076,18.0,8.80086664089561e-05,105.7553202991794,0.1702042029571506
12,-5,60.01836063115067,7.0,5.3215012053446557e-05,59.10275597267495,0.11843779337864242
13,-5,61.698929737653955,5.0,2.8742486284943804e-05,30.58148421528658,0.16349762375171709
14,-5,63.228845629781695,1.0,1.170844984189524e-05,11.910301454576162,0.08396093111612898
-14,-4,62.74690849122661,1.0,1.3758013565192888e-05,14.181114440370555,0.07051631972965516
-13,-4,61.12717611454784,3.0,3.401970522698591e-05,37.02202195199627,0.08103285130914456
-12,-4,59.335151081155516,11.0,6.351030772829026e-05,70.71319880202562,0.15555794655530275
-11,-4,57.34954116147778,15.0,0.00010603669445332353,131.26579792129314,0.11427195992816032
-10,-4,55.14828595098202,33.0,0.00016683483561923728,227.41600282644515,0.1451085217832462
-9,-4,52.71037887919576,57.0,0.00025292134263337325,368.40703659889175,0.1547201718138178
-8,-4,50.01930949246517,109.0,0.00037330191061358447,597.2040129144655,0.18251719285685966
-7,-4,47.06917211016504,212.0,0.0005387182484854924,908.6927102180006,0.23330219073633812
-6,-4,43.87496690858163,354.0,0.0007603646080570059,1371.92950282454,0.25803075104892914
-5,-4,40.489039427861485,541.0,0.0010467813456162727,1998.1887964885607,0.27074518731698693
-4,-4,37.025323467622584,877.0,0.0013982938632041025,2854.6438322946933,0.3072187115178664
-3,-4,33.690067525979785,1370.0,0.0017995739644970413,3878.6163038393743,0.35321874933693775
-2,-4,30.806981117105188,1997.0,0.002213598495028217,4999.124723297515,0.39946992934449976
-1,-4,28.799681652550284,2540.0,0.0025831401647078,5965.8522397436445,0.42575643812947417
0,-4,28.07248693585296,2808.0,0.00284479352498174,6641.266371711152,0.42281092834355116
1,-4,28.799681652550284,2353.0,0.0025831401647078,5965.8522397436445,0.39441137752702865
2,-4,30.806981117105188,1937.0,0.002213598495028217,4999.124723297515,0.38746782831261695
3,-4,33.690067525979785,1337.0,0.0017995739644970413,3878.6163038393743,0.3447105604842962
4,-4,37.025323467622584,886.0,0.0013982938632041025,2854.6438322946933,0.3103714691047088
5,-4,40.489039427861485,554.0,0.0010467813456162727,1998.1887964885607,0.2772510790639755
6,-4,43.87496690858163,323.0,0.0007603646080570059,1371.92950282454,0.23543483782148056
7,-4,47.06917211016504,218.0,0.0005387182484854924,908.6927102180006,0.2399050829269892
8,-4,50.01930949246517,113.0,0.00037330191061358447,597.2040129144655,0.18921507149380865
9,-4,52.71037887919576,67.0,0.00025292134263337325,368.40703659889175,0.18186406160571567
10,-4,55.14828595098202,31.0,0.00016683483561923728,227.41600282644515,0.13631406591759493
11,-4,57.34954116147778,21.0,0.00010603669445332353,131.26579792129314,0.15998074389942443
12,-4,59.335151081155516,5.0,6.351030772829026e-05,70.71319880202562,0.07070815752513762
13,-4,61.12717611454784,5.0,3.401970522698591e-05,37.02202195199627,0.1350547521819076
14,-4,62.74690849122661,2.0,1.3758013565192888e-05,14.181114440370555,0.14103263945931033
-14,-3,62.35343125851404,2.0,1.5823813557381894e-05,16.485026059388343,0.12132222253060895
-13,-3,60.65753596474337,6.0,3.9363576618308835e-05,43.6193936275952,0.13755349400832073
-12,-3,58.76993022442898,11.0,7.39969938721239e-05,85.56176750839755,0.12856209403248237
-11,-3,56.66334051820683,18.0,0.0001245349308589702,157.18935855881813,0.11451156849949638
-10,-3,54.30767803914882,36.0,0.00019774741886977265,274.35625366477655,0.13121625448343804
-9,-3,51.67118189854413,89.0,0.00030295857988165667,455.0824410842692,0.1955689606216197
-8,-3,48.72306040712623,164.0,0.000452543875730015,750.1215740299809,0.21863122682756653
-7,-3,45.43882509998972,282.0,0.0006619136313796087,1148.1226500326607,0.2456183579271587
-6,-3,41.810314895778596,576.0,0.0009481481481481482,1770.5727709999867,0.3253184559450137
-5,-3,37.863646361730375,827.0,0.0013259566762072105,2657.901337018245,0.31114774219865
-4,-3,33.690067525979785,1343.0,0.0017995739644970413,3878.6163038393743,0.34625750391204924
-3,-3,29.496208496566442,2235.0,0.002350780532598713,5372.92111659468,0.41597483966348037
-2,-3,25.675463214971884,3254.0,0.0029277066037612888,6992.394543839559,0.4653627565776933
-1,-3,22.862089144234897,4114.0,0.003444927020291921,8656.86928456405,0.4752295390824047
0,-3,21.801409486351833,4697.0,0.003804994054696788,9826.814264923922,0.47797789531502494
1,-3,22.862089144234897,4081.0,0.003444927020291921,8656.86928456405,0.47141753743201104
2,-3,25.675463214971884,3096.0,0.0029277066037612888,6992.394543839559,0.4427667776166376
3,-3,29.496208496566442,2068.0,0.002350780532598713,5372.92111659468,0.38489305074902797
4,-3,33.690067525979785,1350.0,0.0017995739644970413,3878.6163038393743,0.34806227124442773
5,-3,37.863646361730375,799.0,0.0013259566762072105,2657.901337018245,0.3006131148932543
6,-3,41.810314895778596,518.0,0.0009481481481481482,1770.5727709999867,0.2925606947561061
7,-3,45.43882509998972,290.0,0.0006619136313796087,1148.1226500326607,0.25258625460594336
8,-3,48.72306040712623,243.0,0.000452543875730015,750.1215740299809,0.32394748853108946
9,-3,51.67118189854413,153.0,0.00030295857988165667,455.0824410842692,0.3362028199450316
10,-3,54.30767803914882,45.0,0.00019774741886977265,274.35625366477655,0.16402031810429754
11,-3,56.66334051820683,22.0,0.0001245349308589702,157.18935855881813,0.1399585837216067
12,-3,58.76993022442898,13.0,7.39969938721239e-05,85.56176750839755,0.15193702022020641
13,-3,60.65753596474337,6.0,3.9363576618308835e-05,43.6193936275952,0.13755349400832073
14,-3,62.35343125851404,1.0,1.5823813557381894e-05,16.485026059388343,0.060661111265304477
-14,-2,62.06164727039765,2.0,1.78179654967281e-05,18.70828219119805,0.10690452386595752
-13,-2,60.30758709991969,5.0,4.452430701317293e-05,49.399632873518925,0.1012153271017585
-12,-2,58.34632546962621,12.0,8.413621797512765e-05,99.98908741891753,0.12001309652646802
-11,-2,56.145485187379485,29.0,0.00014245897740784776,184.83167370664665,0.15689951520986062
-10,-2,53.667916257882915,64.0,0.00022780318389022615,321.0782448055859,0.19932836009724747
-9,-2,50.872017509052405,121.0,0.00035185214190617896,541.0755394312067,0.22362866398876297
-8,-2,47.7132109090621,196.0,0.0005305069855754243,890.5157259061943,0.22009717998022907
-7,-2,44.14764869887605,310.0,0.0007842110499609878,1404.965375845429,0.22064600689071037
-6,-2,40.140066148783866,719.0,0.001136650362624388,2183.9683630354402,0.329217223183893
-5,-2,35.67917778351085,1145.0,0.0016098932757716222,3377.0001385230476,0.3390583218929843
-4,-2,30.806981117105188,1886.0,0.002213598495028217,4999.124723297515,0.37726604243551654
-3,-2,25.675463214971884,3138.0,0.0029277066037612888,6992.394543839559,0.4487733036695764
-2,-2,20.662644004781907,4432.0,0.003684537237505489,9693.486170432667,0.45721424904061925
-1,-2,16.601549599020245,6235.0,0.004366180758017491,12185.700015561471,0.5116653119671201
0,-2,14.931417178137554,7099.0,0.00483462750296999,13850.807564424602,0.5125332921550059
1,-2,16.601549599020245,6214.0,0.004366180758017491,12185.700015561471,0.5099419805234457
2,-2,20.662644004781907,4701.0,0.003684537237505489,9693.486170432667,0.4849648431272453
3,-2,25.675463214971884,3099.0,0.0029277066037612888,6992.394543839559,0.4431958151918475
4,-2,30.806981117105188,1916.0,0.002213598495028217,4999.124723297515,0.38326709295145794
5,-2,35.67917778351085,1140.0,0.0016098932757716222,3377.0001385230476,0.3375777178672507
6,-2,40.140066148783866,634.0,0.001136650362624388,2183.9683630354402,0.2902972454778695
7,-2,44.14764869887605,419.0,0.0007842110499609878,1404.965375845429,0.29822798995873434
8,-2,47.7132109090621,357.0,0.0005305069855754243,890.5157259061943,0.4008912921068458
9,-2,50.872017509052405,219.0,0.00035185214190617896,541.0755394312067,0.4047494001118933
10,-2,53.667916257882915,72.0,0.00022780318389022615,321.0782448055859,0.2242444051094034
11,-2,56.145485187379485,27.0,0.00014245897740784776,184.83167370664665,0.1460788589884909
12,-2,58.34632546962621,14.0,8.413621797512765e-05,99.98908741891753,0.14001527928087937
13,-2,60.30758709991969,3.0,4.452430701317293e-05,49.399632873518925,0.0607291962610551
14,-2,62.06164727039765,3.0,1.78179654967281e-05,18.70828219119805,0.16035678579893628
-14,-1,61.88205317814457,3.0,1.9645886788628328e-05,20.75015152229361,0.14457725750951028
-13,-1,60.0914649349183,10.0,4.9229266505906366e-05,54.66180764667326,0.18294309007559145
-12,-1,58.083652987429666,15.0,9.332973264920332e-05,112.77440227917668,0.13300890713538888
-11,-1,55.82278575311073,24.0,0.0001586249358241749,209.39207357550035,0.11461751913615936
-10,-1,53.266833447043915,57.0,0.0002547764261034622,364.1278299720019,0.15653843323204045
-9,-1,50.36720714969732,133.0,0.0003955410076224047,622.7771251404837,0.21355954583270598
-8,-1,47.06917211016504,235.0,0.0005999362312679346,1011.953245470046,0.23222416752153796
-7,-1,43.31385665828306,401.0,0.0008928996539792384,1634.4700050602696,0.2453394670801643
-6,-1,39.043262269600525,773.0,0.0013041134486699395,2557.682656235111,0.30222670436286647
-5,-1,34.21057985417024,1425.0,0.0018625105089568644,3981.375169685865,0.3579165336765875
-4,-1,28.799681652550284,2447.0,0.0025831401647078,5965.8522397436445,0.41016771815071784
-3,-1,22.86208914423493,4064.0,0.0034449270202919183,8656.869284564038,0.4694537790060514
-2,-1,16.601549599020245,5986.0,0.004366180758017491,12185.700015561471,0.49123152484926713
-1,-1,10.678414922779524,8033.0,0.0051988432279098905,14786.790465927716,0.5432551450911504
0,-1,7.594643368591397,9330.0,0.005766480425621176,,
1,-1,10.678414922779524,8140.0,0.0051988432279098905,14786.790465927716,0.5504913333800527
2,-1,16.601549599020245,6069.0,0.004366180758017491,12185.700015561471,0.4980427872218848
3,-1,22.86208914423493,4174.0,0.0034449270202919183,8656.869284564038,0.4821604511740301
4,-1,28.799681652550284,2513.0,0.0025831401647078,5965.8522397436445,0.4212306807162869
5,-1,34.21057985417024,1388.0,0.0018625105089568644,3981.375169685865,0.34862326227586204
6,-1,39.043262269600525,820.0,0.0013041134486699395,2557.682656235111,0.3206027135543991
7,-1,43.31385665828306,435.0,0.0008928996539792384,1634.4700050602696,0.26614131715678674
8,-1,47.06917211016504,268.0,0.0005999362312679346,1011.953245470046,0.2648343697692433
9,-1,50.36720714969732,160.0,0.0003955410076224047,622.7771251404837,0.25691373934761624
10,-1,53.266833447043915,75.0,0.0002547764261034622,364.1278299720019,0.20597162267373745
11,-1,55.82278575311073,44.0,0.0001586249358241749,209.39207357550035,0.21013211841629217
12,-1,58.083652987429666,23.0,9.332973264920332e-05,112.77440227917668,0.20394699094092963
13,-1,60.0914649349183,11.0,4.9229266505906366e-05,54.66180764667326,0.2012373990831506
14,-1,61.88205317814457,1.0,1.9645886788628328e-05,20.75015152229361,0.04819241916983676
-14,0,61.82140989004083,3.0,2.121638651541474e-05,22.463542923145393,0.1335497258942595
-13,0,60.01836063115067,10.0,5.3215012053446536e-05,59.10275597267492,0.16919684768377496
-12,0,57.99461679191651,12.0,0.00010099734881959344,122.72162747457209,0.09778227560163671
-11,0,55.713123022791045,31.0,0.00017187838808309833,228.2077024658136,0.1358411642772834
-10,0,53.13010235415599,81.0,0.0002764799999999999,397.0082686218852,0.2040259772955642
-9,0,50.1944289077348,151.0,0.0004299919376511692,682.4213926401906,0.22127090625896506
-8,0,46.84761026599459,244.0,0.0006535241462476392,1104.177160724327,0.22097903187921306
-7,0,43.02506598911803,471.0,0.0009749437206966779,1795.597487697594,0.26230823067364617
-6,0,38.659808254090095,901.0,0.0014277215942891132,2820.1916544213354,0.31948183329578456
-5,0,33.690067525979785,1543.0,0.0020449704142011835,4407.518527090198,0.35008361065669164
-4,0,28.07248693585296,2726.0,0.00284479352498174,6641.266371711152,0.4104638855642879
-3,0,21.801409486351833,4604.0,0.003804994054696788,9826.814264923922,0.468513994045215
-2,0,14.931417178137554,7005.0,0.00483462750296999,13850.807564424602,0.5057466842577569
-1,0,7.594643368591397,9231.0,0.005766480425621176,,
0,0,0.0,10982.0,0.0063999999999999994,,
1,0,7.594643368591397,9292.0,0.005766480425621176,,
2,0,14.931417178137554,6914.0,0.00483462750296999,13850.807564424602,0.4991766702295691
3,0,21.801409486351833,4417.0,0.003804994054696788,9826.814264923922,0.44948442912634984
4,0,28.07248693585296,2794.0,0.00284479352498174,6641.266371711152,0.42070289664953064
5,0,33.690067525979785,1704.0,0.0020449704142011835,4407.518527090198,0.38661210146403274
6,0,38.659808254090095,963.0,0.0014277215942891132,2820.1916544213354,0.3414661547878364
7,0,43.02506598911803,545.0,0.0009749437206966779,1795.597487697594,0.3035201395268305
8,0,46.84761026599459,266.0,0.0006535241462476392,1104.177160724327,0.2409033708191421
9,0,50.1944289077348,146.0,0.0004299919376511692,682.4213926401906,0.21394405505833708
10,0,53.13010235415599,90.0,0.0002764799999999999,397.0082686218852,0.22669553032840467
11,0,55.713123022791045,51.0,0.00017187838808309833,228.2077024658136,0.2234806251013372
12,0,57.99461679191651,30.0,0.00010099734881959344,122.72162747457209,0.2444556890040918
13,0,60.01836063115067,7.0,5.3215012053446536e-05,59.10275597267492,0.11843779337864248
14,0,61.82140989004083,4.0,2.121638651541474e-05,22.463542923145393,0.17806630119234598
-14,1,61.88205317814457,5.0,1.9645886788628328e-05,20.75015152229361,0.2409620958491838
-13,1,60.0914649349183,8.0,4.9229266505906366e-05,54.66180764667326,0.14635447206047317
-12,1,58.083652987429666,15.0,9.332973264920332e-05,112.77440227917668,0.13300890713538888
-11,1,55.82278575311073,38.0,0.0001586249358241749,209.39207357550035,0.18147773863225233
-10,1,53.266833447043915,53.0,0.0002547764261034622,364.1278299720019,0.14555328002277446
-9,1,50.36720714969732,120.0,0.0003955410076224047,622.7771251404837,0.19268530451071217
-8,1,47.06917211016504,234.0,0.0005999362312679346,1011.953245470046,0.23123597957463782
-7,1,43.31385665828306,430.0,0.0008928996539792384,1634.4700050602696,0.2630822215572834
-6,1,39.043262269600525,743.0,0.0013041134486699395,2557.682656235111,0.2904973367938031
-5,1,34.21057985417024,1410.0,0.0018625105089568644,3981.375169685865,0.3541489912168339
-4,1,28.799681652550284,2360.0,0.0025831401647078,5965.8522397436445,0.3955847220415587
-3,1,22.86208914423493,3997.0,0.0034449270202919183,8656.869284564038,0.46171426050373704
-2,1,16.601549599020245,6034.0,0.004366180758017491,12185.700015561471,0.4951705681490942
-1,1,10.678414922779524,8020.0,0.0051988432279098905,14786.790465927716,0.5423759820280127
0,1,7.594643368591397,9631.0,0.005766480425621176,,
1,1,10.678414922779524,7947.0,0.0051988432279098905,14786.790465927716,0.537439143288855
2,1,16.601549599020245,6180.0,0.004366180758017491,12185.700015561471,0.5071518248527349
3,1,22.86208914423493,4155.0,0.0034449270202919183,8656.869284564038,0.47996566234501564
4,1,28.799681652550284,2409.0,0.0025831401647078,5965.8522397436445,0.403798133643269
5,1,34.21057985417024,1517.0,0.0018625105089568644,3981.375169685865,0.38102412742974257
6,1,39.043262269600525,843.0,0.0013041134486699395,2557.682656235111,0.32959522869068103
7,1,43.31385665828306,456.0,0.0008928996539792384,1634.4700050602696,0.27898951867470057
8,1,47.06917211016504,259.0,0.0005999362312679346,1011.953245470046,0.25594067824714184
9,1,50.36720714969732,148.0,0.0003955410076224047,622.7771251404837,0.237645208896545
10,1,53.266833447043915,52.0,0.0002547764261034622,364.1278299720019,0.14280699172045797
11,1,55.82278575311073,38.0,0.0001586249358241749,209.39207357550035,0.18147773863225233
12,1,58.083652987429666,20.0,9.332973264920332e-05,112.77440227917668,0.17734520951385185
13,1,60.0914649349183,4.0,4.9229266505906366e-05,54.66180764667326,0.07317723603023658
14,1,61.88205317814457,1.0,1.9645886788628328e-05,20.75015152229361,0.04819241916983676
-14,2,62.06164727039765,2.0,1.78179654967281e-05,18.70828219119805,0.10690452386595752
-13,2,60.30758709991969,3.0,4.452430701317293e-05,49.399632873518925,0.0607291962610551
-12,2,58.34632546962621,8.0,8.413621797512765e-05,99.98908741891753,0.08000873101764536
-11,2,56.145485187379485,24.0,0.00014245897740784776,184.83167370664665,0.12984787465643638
-10,2,53.667916257882915,50.0,0.00022780318389022615,321.0782448055859,0.15572528132597457
-9,2,50.872017509052405,96.0,0.00035185214190617896,541.0755394312067,0.17742439456959708
-8,2,47.7132109090621,191.0,0.0005305069855754243,890.5157259061943,0.2144824560011416
-7,2,44.14764869887605,369.0,0.0007842110499609878,1404.965375845429,0.2626399243312004
-6,2,40.140066148783866,635.0,0.001136650362624388,2183.9683630354402,0.2907551275685286
-5,2,35.67917778351085,1111.0,0.0016098932757716222,3377.0001385230476,0.3289902145179961
-4,2,30.806981117105188,1807.0,0.002213598495028217,4999.124723297515,0.36146327607687084
-3,2,25.675463214971884,3089.0,0.0029277066037612888,6992.394543839559,0.44176568994114773
-2,2,20.662644004781907,4661.0,0.003684537237505489,9693.486170432667,0.48083836073518194
-1,2,16.601549599020245,6703.0,0.004366180758017491,12185.700015561471,0.550070984140434
0,2,14.931417178137554,7060.0,0.00483462750296999,13850.807564424602,0.5097175718572111
1,2,16.601549599020245,6084.0,0.004366180758017491,12185.700015561471,0.49927373825308075
2,2,20.662644004781907,4470.0,0.003684537237505489,9693.486170432667,0.4611344073130794
3,2,25.675463214971884,3105.0,0.0029277066037612888,6992.394543839559,0.44405389034226733
4,2,30.806981117105188,1870.0,0.002213598495028217,4999.124723297515,0.3740654821603478
5,2,35.67917778351085,1159.0,0.0016098932757716222,3377.0001385230476,0.34320401316503824
6,2,40.140066148783866,604.0,0.001136650362624388,2183.9683630354402,0.2765607827580965
7,2,44.14764869887605,339.0,0.0007842110499609878,1404.965375845429,0.24128708495468004
8,2,47.7132109090621,204.0,0.0005305069855754243,890.5157259061943,0.22908073834676904
9,2,50.872017509052405,111.0,0.00035185214190617896,541.0755394312067,0.2051469562210966
10,2,53.667916257882915,58.0,0.00022780318389022615,321.0782448055859,0.18064132633813051
11,2,56.145485187379485,32.0,0.00014245897740784776,184.83167370664665,0.17313049954191514
12,2,58.34632546962621,17.0,8.413621797512765e-05,99.98908741891753,0.17001855341249636
13,2,60.30758709991969,11.0,4.452430701317293e-05,49.399632873518925,0.2226737196238687
14,2,62.06164727039765,1.0,1.78179654967281e-05,18.70828219119805,0.05345226193297876
-14,3,62.35343125851404,3.0,1.5823813557381894e-05,16.485026059388343,0.18198333379591342
-13,3,60.65753596474337,2.0,3.9363576618308835e-05,43.6193936275952,0.045851164669440246
-12,3,58.76993022442898,16.0,7.39969938721239e-05,85.56176750839755,0.18699940950179253
-11,3,56.66334051820683,24.0,0.0001245349308589702,157.18935855881813,0.15268209133266183
-10,3,54.30767803914882,38.0,0.00019774741886977265,274.35625366477655,0.1385060463991846
-9,3,51.67118189854413,69.0,0.00030295857988165667,455.0824410842692,0.15162087958305345
-8,3,48.72306040712623,158.0,0.000452543875730015,750.1215740299809,0.2106325234070458
-7,3,45.43882509998972,276.0,0.0006619136313796087,1148.1226500326607,0.2403924354180702
-6,3,41.810314895778596,451.0,0.0009481481481481482,1770.5727709999867,0.2547198326930576
-5,3,37.863646361730375,756.0,0.0013259566762072105,2657.901337018245,0.2844349372456824
-4,3,33.690067525979785,1305.0,0.0017995739644970413,3878.6163038393743,0.33646019553628015
-3,3,29.496208496566442,2141.0,0.002350780532598713,5372.92111659468,0.39847970099307
-2,3,25.675463214971884,3029.0,0.0029277066037612888,6992.394543839559,0.43318493843694933
-1,3,22.862089144234897,4369.0,0.003444927020291921,8656.86928456405,0.5046859154718099
0,3,21.801409486351833,4523.0,0.003804994054696788,9826.814264923922,0.4602712413263483
1,3,22.862089144234897,4024.0,0.003444927020291921,8656.86928456405,0.4648331709449675
2,3,25.675463214971884,3069.0,0.0029277066037612888,6992.394543839559,0.43890543943974825
3,3,29.496208496566442,2016.0,0.002350780532598713,5372.92111659468,0.37521488893135413
4,3,33.690067525979785,1387.0,0.0017995739644970413,3878.6163038393743,0.3576017557155713
5,3,37.863646361730375,847.0,0.0013259566762072105,2657.901337018245,0.3186724759882183
6,3,41.810314895778596,481.0,0.0009481481481481482,1770.5727709999867,0.2716635022735271
7,3,45.43882509998972,282.0,0.0006619136313796087,1148.1226500326607,0.2456183579271587
8,3,48.72306040712623,147.0,0.000452543875730015,750.1215740299809,0.1959682338027578
9,3,51.67118189854413,88.0,0.00030295857988165667,455.0824410842692,0.19337155656969138
10,3,54.30767803914882,36.0,0.00019774741886977265,274.35625366477655,0.13121625448343804
11,3,56.66334051820683,18.0,0.0001245349308589702,157.18935855881813,0.11451156849949638
12,3,58.76993022442898,14.0,7.39969938721239e-05,85.56176750839755,0.16362448331406845
13,3,60.65753596474337,11.0,3.9363576618308835e-05,43.6193936275952,0.2521814056819213
14,3,62.35343125851404,1.0,1.5823813557381894e-05,16.485026059388343,0.060661111265304477
-14,4,62.74690849122661,1.0,1.3758013565192888e-05,14.181114440370555,0.07051631972965516
-13,4,61.12717611454784,3.0,3.401970522698591e-05,37.02202195199627,0.08103285130914456
-12,4,59.335151081155516,6.0,6.351030772829026e-05,70.71319880202562,0.08484978903016514
-11,4,57.34954116147778,17.0,0.00010603669445332353,131.26579792129314,0.12950822125191502
-10,4,55.14828595098202,44.0,0.00016683483561923728,227.41600282644515,0.1934780290443283
-9,4,52.71037887919576,69.0,0.00025292134263337325,368.40703659889175,0.18729283956409526
-8,4,50.01930949246517,105.0,0.00037330191061358447,597.2040129144655,0.17581931421991068
-7,4,47.06917211016504,189.0,0.0005387182484854924,908.6927102180006,0.207991104005509
-6,4,43.87496690858163,327.0,0.0007603646080570059,1371.92950282454,0.2383504395282481
-5,4,40.489039427861485,569.0,0.0010467813456162727,1998.1887964885607,0.2847578772335777
-4,4,37.025323467622584,906.0,0.0013982938632041025,2854.6438322946933,0.31737759707546975
-3,4,33.690067525979785,1321.0,0.0017995739644970413,3878.6163038393743,0.34058537801028815
-2,4,30.806981117105188,1889.0,0.002213598495028217,4999.124723297515,0.37786614748711067
-1,4,28.799681652550284,2445.0,0.0025831401647078,5965.8522397436445,0.4098324768608521
0,4,28.07248693585296,2703.0,0.00284479352498174,6641.266371711152,0.40700069063839706
1,4,28.799681652550284,2375.0,0.0025831401647078,5965.8522397436445,0.39809903171555167
2,4,30.806981117105188,1815.0,0.002213598495028217,4999.124723297515,0.3630635562144552
3,4,33.690067525979785,1342.0,0.0017995739644970413,3878.6163038393743,0.3459996800074237
4,4,37.025323467622584,866.0,0.0013982938632041025,2854.6438322946933,0.3033653411339479
5,4,40.489039427861485,533.0,0.0010467813456162727,1998.1887964885607,0.2667415616265324
6,4,43.87496690858163,340.0,0.0007603646080570059,1371.92950282454,0.2478261450752427
7,4,47.06917211016504,216.0,0.0005387182484854924,908.6927102180006,0.23770411886343884
8,4,50.01930949246517,116.0,0.00037330191061358447,597.2040129144655,0.19423848047152037
9,4,52.71037887919576,63.0,0.00025292134263337325,368.40703659889175,0.17100650568895653
10,4,55.14828595098202,39.0,0.00016683483561923728,227.41600282644515,0.17149188938020007
11,4,57.34954116147778,16.0,0.00010603669445332353,131.26579792129314,0.12189009059003768
12,4,59.335151081155516,4.0,6.351030772829026e-05,70.71319880202562,0.05656652602011009
13,4,61.12717611454784,5.0,3.401970522698591e-05,37.02202195199627,0.1350547521819076
14,4,62.74690849122661,3.0,1.3758013565192888e-05,14.181114440370555,0.21154895918896552
-14,5,63.228845629781695,1.0,1.170844984189524e-05,11.910301454576162,0.08396093111612898
-13,5,61.698929737653955,3.0,2.8742486284943804e-05,30.58148421528658,0.09809857425103025
-12,5,60.01836063115067,9.0,5.3215012053446557e-05,59.10275597267495,0.1522771629153974
-11,5,58.171942883738076,17.0,8.80086664089561e-05,105.7553202991794,0.16074841390397557
-10,5,56.145485187379485,23.0,0.00013697978596908435,177.7227631794679,0.1294150484075816
-9,5,53.9279946610351,41.0,0.0002051277181203273,286.8459538746015,0.14293386204751451
-8,5,51.51535637157245,78.0,0.0002986126951869437,450.48993108826573,0.17314482437281656
-7,5,48.91621694993935,139.0,0.00042440161950479076,701.579035302827,0.19812450630028097
-6,5,46.16089318197516,243.0,0.0005891953573588042,1004.2016310770134,0.2419832755493344
-5,5,43.313856658283065,362.0,0.0007972318339100339,1459.348218803811,0.24805594397252342
-4,5,40.489039427861485,534.0,0.0010467813456162727,1998.1887964885607,0.2672420148378392
-3,5,37.863646361730375,797.0,0.0013259566762072105,2657.901337018245,0.2998606415142975
-2,5,35.67917778351085,1055.0,0.0016098932757716222,3377.0001385230476,0.31240744942978027
-1,5,34.21057985417024,1429.0,0.0018625105089568644,3981.375169685865,0.35892121166585506
0,5,33.690067525979785,1611.0,0.0020449704142011835,4407.518527090198,0.3655117931094817
1,5,34.21057985417024,1485.0,0.0018625105089568644,3981.375169685865,0.3729867035156017
2,5,35.67917778351085,1067.0,0.0016098932757716222,3377.0001385230476,0.31596089909154085
3,5,37.863646361730375,793.0,0.0013259566762072105,2657.901337018245,0.29835569475638385
4,5,40.489039427861485,543.0,0.0010467813456162727,1998.1887964885607,0.2717460937396005
5,5,43.313856658283065,335.0,0.0007972318339100339,1459.348218803811,0.22955453378672747
6,5,46.16089318197516,241.0,0.0005891953573588042,1004.2016310770134,0.23999164365180903
7,5,48.91621694993935,136.0,0.00042440161950479076,701.579035302827,0.19384843781897995
8,5,51.51535637157245,85.0,0.0002986126951869437,450.48993108826573,0.1886834624575565
9,5,53.9279946610351,61.0,0.0002051277181203273,286.8459538746015,0.21265769719264355
10,5,56.145485187379485,27.0,0.00013697978596908435,177.7227631794679,0.15192201334803057
11,5,58.171942883738076,16.0,8.80086664089561e-05,105.7553202991794,0.15129262485080053
12,5,60.01836063115067,11.0,5.3215012053446557e-05,59.10275597267495,0.18611653245215237
13,5,61.698929737653955,5.0,2.8742486284943804e-05,30.58148421528658,0.16349762375171709
14,5,63.228845629781695,3.0,1.170844984189524e-05,11.910301454576162,0.251882793348387
-14,6,63.784405501538615,0.0,9.748692840201898e-06,9.703986866430515,0.0
-13,6,62.35343125851404,5.0,2.373572033607287e-05,24.72753908908254,0.20220370421768136
-12,6,60.7940677526006,8.0,4.353741496598638e-05,47.99531669535773,0.16668292972788712
-11,6,59.09673032602228,9.0,7.124705714195396e-05,80.61590670211243,0.11164049836040817
-10,6,57.25413079191856,14.0,0.00010957773678007164,136.01932493152177,0.10292655111358794
-9,6,55.26351871874204,32.0,0.00016191600607185023,220.08036612433526,0.14540143022990737
-8,6,53.13010235415599,49.0,0.00023224319999999994,333.4869456423836,0.14693228817581783
-7,6,50.872017509052405,66.0,0.0003247865925287805,499.4543440903446,0.1321442105388145
-6,6,48.527065691059505,160.0,0.00044321329639889195,736.6634629423929,0.2171955147075239
-5,6,46.16089318197516,226.0,0.0005891953573588042,1004.2016310770134,0.22505440442036864
-4,6,43.87496690858163,332.0,0.0007603646080570059,1371.92950282454,0.24199494166170757
-3,6,41.810314895778596,473.0,0.0009481481481481482,1770.5727709999867,0.26714519038540185
-2,6,40.140066148783866,664.0,0.001136650362624388,2183.9683630354402,0.3040337081976425
-1,6,39.043262269600525,798.0,0.0013041134486699395,2557.682656235111,0.312001177337086
0,6,38.659808254090095,856.0,0.0014277215942891132,2820.1916544213354,0.3035254709225212
1,6,39.043262269600525,794.0,0.0013041134486699395,2557.682656235111,0.31043726166121083
2,6,40.140066148783866,634.0,0.001136650362624388,2183.9683630354402,0.2902972454778695
3,6,41.810314895778596,491.0,0.0009481481481481482,1770.5727709999867,0.27731139213368355
4,6,43.87496690858163,339.0,0.0007603646080570059,1371.92950282454,0.2470972446485508
5,6,46.16089318197516,243.0,0.0005891953573588042,1004.2016310770134,0.2419832755493344
6,6,48.527065691059505,153.0,0.00044321329639889195,736.6634629423929,0.20769321093906976
7,6,50.872017509052405,80.0,0.0003247865925287805,499.4543440903446,0.1601748006531085
8,6,53.13010235415599,40.0,0.00023224319999999994,333.4869456423836,0.11994472504148393
9,6,55.26351871874204,33.0,0.00016191600607185023,220.08036612433526,0.14994522492459197
10,6,57.25413079191856,15.0,0.00010957773678007164,136.01932493152177,0.11027844762170136
11,6,59.09673032602228,8.0,7.124705714195396e-05,80.61590670211243,0.09923599854258504
12,6,60.7940677526006,6.0,4.353741496598638e-05,47.99531669535773,0.12501219729591534
13,6,62.35343125851404,5.0,2.373572033607287e-05,24.72753908908254,0.20220370421768136
14,6,63.784405501538615,0.0,9.748692840201898e-06,9.703986866430515,0.0
-14,7,64.3982431428705,0.0,7.933747697181504e-06,7.703192077176438,0.0
-13,7,63.071065655421464,2.0,1.9145610511471964e-05,19.56037869886294,0.10224750915053916
-12,7,61.637084076636626,1.0,3.4768296866527356e-05,37.08411432951248,0.026965724221278613
-11,7,60.0914649349183,5.0,5.6262018863893e-05,62.47063731048374,0.08003760190807124
-10,7,58.432438492890626,18.0,8.545474236730404e-05,100.99785687563998,0.1782216034758405
-9,7,56.66334051820683,15.0,0.0001245349308589702,157.18935855881813,0.09542630708291365
-8,7,54.79547624892069,36.0,0.00017594348164746274,241.6256484013987,0.1489908055629727
-7,7,52.851906313522925,56.0,0.00024208737315761672,350.9390158894842,0.15957188418638302
-6,7,50.872017509052405,68.0,0.0003247865925287805,499.4543440903446,0.13614858055514223
-5,7,48.91621694993935,137.0,0.00042440161950479076,701.579035302827,0.1952737939794136
-4,7,47.06917211016504,198.0,0.0005387182484854924,908.6927102180006,0.2178954422914856
-3,7,45.43882509998972,283.0,0.0006619136313796087,1148.1226500326607,0.24648934501200678
-2,7,44.14764869887605,353.0,0.0007842110499609878,1404.965375845429,0.2512517433303895
-1,7,43.31385665828306,397.0,0.0008928996539792384,1634.4700050602696,0.24289219060056166
0,7,43.02506598911803,494.0,0.0009749437206966779,1795.597487697594,0.2751173374793656
1,7,43.31385665828306,435.0,0.0008928996539792384,1634.4700050602696,0.26614131715678674
2,7,44.14764869887605,344.0,0.0007842110499609878,1404.965375845429,0.24484589151743344
3,7,45.43882509998972,255.0,0.0006619136313796087,1148.1226500326607,0.22210170663626053
4,7,47.06917211016504,189.0,0.0005387182484854924,908.6927102180006,0.207991104005509
5,7,48.91621694993935,113.0,0.00042440161950479076,701.579035302827,0.16106524612900538
6,7,50.872017509052405,80.0,0.0003247865925287805,499.4543440903446,0.1601748006531085
7,7,52.851906313522925,54.0,0.00024208737315761672,350.9390158894842,0.1538728883225836
8,7,54.79547624892069,36.0,0.00017594348164746274,241.6256484013987,0.1489908055629727
9,7,56.66334051820683,22.0,0.0001245349308589702,157.18935855881813,0.1399585837216067
10,7,58.432438492890626,14.0,8.545474236730404e-05,100.99785687563998,0.1386168027034315
11,7,60.0914649349183,11.0,5.6262018863893e-05,62.47063731048374,0.17608272419775675
12,7,61.637084076636626,3.0,3.4768296866527356e-05,37.08411432951248,0.08089717266383584
13,7,63.071065655421464,0.0,1.9145610511471964e-05,19.56037869886294,0.0
14,7,64.3982431428705,2.0,7.933747697181504e-06,7.703192077176438,0.25963262761235584
-14,8,65.05543641291374,1.0,6.2991141870674275e-06,5.869211978185713,0.17038062413092794
-13,8,63.83320567697634,2.0,1.5059959705643508e-05,14.961594813362284,0.13367558906312507
-12,8,62.52415070201769,3.0,2.706648204652676e-05,28.06791599039842,0.10688360336500408
-11,8,61.12717611454784,4.0,4.329780665252754e-05,47.11893702981345,0.0848915585143419
-10,8,59.64455852152441,8.0,6.49349812732152e-05,72.21531964541701,0.11077981845515106
-9,8,58.08365298742965,18.0,9.33297326492034e-05,112.77440227917687,0.1596106885624664
-8,8,56.45910026804731,22.0,0.0001299043207546821,165.68868121806568,0.13277913637954197
-7,8,54.79547624892069,49.0,0.00017594348164746274,241.6256484013987,0.2027930409051573
-6,8,53.13010235415599,53.0,0.00023224319999999994,333.4869456423836,0.15892676067996622
-5,8,51.51535637157245,87.0,0.0002986126951869437,450.48993108826573,0.19312307333891077
-4,8,50.01930949246517,106.0,0.00037330191061358447,597.2040129144655,0.17749378387914794
-3,8,48.72306040712623,158.0,0.000452543875730015,750.1215740299809,0.2106325234070458
-2,8,47.7132109090621,235.0,0.0005305069855754243,890.5157259061943,0.2638920270171114
-1,8,47.069172110165034,230.0,0.000599936231267935,1011.9532454700466,0.22728322778703705
0,8,46.84761026599459,255.0,0.0006535241462476392,1104.177160724327,0.23094120134917756
1,8,47.069172110165034,260.0,0.000599936231267935,1011.9532454700466,0.25692886619404187
2,8,47.7132109090621,212.0,0.0005305069855754243,890.5157259061943,0.238064296713309
3,8,48.72306040712623,159.0,0.000452543875730015,750.1215740299809,0.21196564064379925
4,8,50.01930949246517,106.0,0.00037330191061358447,597.2040129144655,0.17749378387914794
5,8,51.51535637157245,88.0,0.0002986126951869437,450.48993108826573,0.1953428787795879
6,8,53.13010235415599,54.0,0.00023224319999999994,333.4869456423836,0.1619253788060033
7,8,54.79547624892069,40.0,0.00017594348164746274,241.6256484013987,0.1655453395144141
8,8,56.45910026804731,19.0,0.0001299043207546821,165.68868121806568,0.11467289050960444
9,8,58.08365298742965,14.0,9.33297326492034e-05,112.77440227917687,0.12414164665969608
10,8,59.64455852152441,3.0,6.49349812732152e-05,72.21531964541701,0.04154243192068165
11,8,61.12717611454784,3.0,4.329780665252754e-05,47.11893702981345,0.06366866888575642
12,8,62.52415070201769,1.0,2.706648204652676e-05,28.06791599039842,0.03562786778833469
13,8,63.83320567697634,0.0,1.5059959705643508e-05,14.961594813362284,0.0
14,8,65.05543641291374,0.0,6.2991141870674275e-06,5.869211978185713,0.0
-14,9,65.7421808579139,1.0,4.862430911553834e-06,4.314533387013977,0.23177477383993192
-13,9,64.6230664748477,0.0,1.1515201999167006e-05,11.05143739972366,0.0
-12,9,63.43494882292201,1.0,2.0479999999999997e-05,20.671433046072725,0.04837593977017407
-11,9,62.17947171866276,3.0,3.238717670222446e-05,33.89848004992523,0.08849954321201539
-10,9,60.86161797684106,4.0,4.796796805688644e-05,52.74197936409631,0.07584091549516188
-9,9,59.49104113379719,10.0,6.801998086938039e-05,75.68745314174956,0.13212229484418933
-8,9,58.083652987429666,14.0,9.332973264920332e-05,112.77440227917668,0.12414164665969629
-7,9,56.66334051820683,19.0,0.0001245349308589702,157.18935855881813,0.12087332230502396
-6,9,55.26351871874204,33.0,0.00016191600607185023,220.08036612433526,0.14994522492459197
-5,9,53.9279946610351,49.0,0.0002051277181203273,286.8459538746015,0.17082339610556613
-4,9,52.71037887919576,62.0,0.00025292134263337325,368.40703659889175,0.16829211670976674
-3,9,51.67118189854413,114.0,0.00030295857988165667,455.0824410842692,0.25050406191982744
-2,9,50.872017509052405,104.0,0.00035185214190617896,541.0755394312067,0.19220976078373017
-1,9,50.367207149697315,133.0,0.000395541007622405,622.7771251404845,0.21355954583270573
0,9,50.1944289077348,146.0,0.0004299919376511692,682.4213926401906,0.21394405505833708
1,9,50.367207149697315,113.0,0.000395541007622405,622.7771251404845,0.18144532841425373
2,9,50.872017509052405,117.0,0.00035185214190617896,541.0755394312067,0.21623598088169643
3,9,51.67118189854413,80.0,0.00030295857988165667,455.0824410842692,0.17579232415426488
4,9,52.71037887919576,55.0,0.00025292134263337325,368.40703659889175,0.14929139385543824
5,9,53.9279946610351,37.0,0.0002051277181203273,286.8459538746015,0.1289890950184887
6,9,55.26351871874204,29.0,0.00016191600607185023,220.08036612433526,0.13177004614585355
7,9,56.66334051820683,23.0,0.0001245349308589702,157.18935855881813,0.14632033752713428
8,9,58.083652987429666,7.0,9.332973264920332e-05,112.77440227917668,0.062070823329848146
9,9,59.49104113379719,6.0,6.801998086938039e-05,75.68745314174956,0.0792733769065136
10,9,60.86161797684106,6.0,4.796796805688644e-05,52.74197936409631,0.11376137324274282
11,9,62.17947171866276,5.0,3.238717670222446e-05,33.89848004992523,0.14749923868669232
12,9,63.43494882292201,0.0,2.0479999999999997e-05,20.671433046072725,0.0
13,9,64.6230664748477,0.0,1.1515201999167006e-05,11.05143739972366,0.0
14,9,65.7421808579139,0.0,4.862430911553834e-06,4.314533387013977,0.0
-14,10,66.44623369171494,0.0,3.626690629689188e-06,3.115029660860996,0.0
-13,10,65.42618405481251,1.0,8.507616384487537e-06,7.722915858527768,0.12948477211438006
-12,10,64.3525543477082,0.0,1.4975031215313898e-05,14.567134417511017,0.0
-11,10,63.228845629781695,1.0,2.3416899683790518e-05,23.820602909152363,0.04198046555806442
-10,10,62.06164727039765,2.0,3.4265318262938706e-05,35.977465752304,0.055590352410297826
-9,10,60.86161797684106,5.0,4.796796805688644e-05,52.74197936409631,0.09480114436895236
-8,10,59.64455852152441,7.0,6.49349812732152e-05,72.21531964541701,0.09693234114825718
-7,10,58.432438492890626,9.0,8.545474236730404e-05,100.99785687563998,0.08911080173792026
-6,10,57.25413079191856,25.0,0.00010957773678007164,136.01932493152177,0.1837974127028356
-5,10,56.145485187379485,21.0,0.00013697978596908435,177.7227631794679,0.11816156593735712
-4,10,55.14828595098202,44.0,0.00016683483561923728,227.41600282644515,0.1934780290443283
-3,10,54.30767803914882,52.0,0.00019774741886977265,274.35625366477655,0.18953458980941051
-2,10,53.667916257882915,55.0,0.00022780318389022615,321.0782448055859,0.17129780945857204
-1,10,53.2668334470439,68.0,0.0002547764261034625,364.12782997200253,0.18674760455752162
0,10,53.13010235415599,92.0,0.0002764799999999999,397.0082686218852,0.231733208780147
1,10,53.2668334470439,74.0,0.0002547764261034625,364.12782997200253,0.2032253343714206
2,10,53.667916257882915,67.0,0.00022780318389022615,321.0782448055859,0.20867187697680595
3,10,54.30767803914882,36.0,0.00019774741886977265,274.35625366477655,0.13121625448343804
4,10,55.14828595098202,33.0,0.00016683483561923728,227.41600282644515,0.1451085217832462
5,10,56.145485187379485,27.0,0.00013697978596908435,177.7227631794679,0.15192201334803057
6,10,57.25413079191856,15.0,0.00010957773678007164,136.01932493152177,0.11027844762170136
7,10,58.432438492890626,15.0,8.545474236730404e-05,100.99785687563998,0.14851800289653375
8,10,59.64455852152441,13.0,6.49349812732152e-05,72.21531964541701,0.18001720498962046
9,10,60.86161797684106,2.0,4.796796805688644e-05,52.74197936409631,0.03792045774758094
10,10,62.06164727039765,2.0,3.4265318262938706e-05,35.977465752304,0.055590352410297826
11,10,63.228845629781695,3.0,2.3416899683790518e-05,23.820602909152363,0.12594139667419327
12,10,64.3525543477082,2.0,1.4975031215313898e-05,14.567134417511017,0.13729536246990476
13,10,65.42618405481251,1.0,8.507616384487537e-06,7.722915858527768,0.12948477211438006
14,10,66.44623369171494,0.0,3.626690629689188e-06,3.115029660860996,0.0
-14,11,67.15713191386092,0.0,2.584061633458926e-06,2.1585988137940464,0.0
-13,11,66.23057961857945,1.0,6.005552007715459e-06,5.207955816998585,0.19201391777096785
-12,11,65.26346752642529,0.0,1.046495783433511e-05,9.609892738687854,0.0
-11,11,64.26043515332165,0.0,1.6188312796987732e-05,15.806825760204374,0.0
-10,11,63.228845629781695,1.0,2.3416899683790518e-05,23.820602909152363,0.04198046555806442
-9,11,62.17947171866276,1.0,3.238717670222446e-05,33.89848004992523,0.029499847737338467
-8,11,61.12717611454784,5.0,4.329780665252754e-05,47.11893702981345,0.10611444814292738
-7,11,60.0914649349183,7.0,5.6262018863893e-05,62.47063731048374,0.11205264267129975
-6,11,59.09673032602228,8.0,7.124705714195396e-05,80.61590670211243,0.09923599854258504
-5,11,58.171942883738076,15.0,8.80086664089561e-05,105.7553202991794,0.14183683579762552
-4,11,57.34954116147778,27.0,0.00010603669445332353,131.26579792129314,0.20568952787068856
-3,11,56.66334051820683,28.0,0.0001245349308589702,157.18935855881813,0.17812910655477215
-2,11,56.145485187379485,52.0,0.00014245897740784776,184.83167370664665,0.28133706175561213
-1,11,55.82278575311073,43.0,0.0001586249358241749,209.39207357550035,0.20535638845228552
0,11,55.713123022791045,30.0,0.00017187838808309833,228.2077024658136,0.1314591912360807
1,11,55.82278575311073,41.0,0.0001586249358241749,209.39207357550035,0.19580492852427225
2,11,56.145485187379485,33.0,0.00014245897740784776,184.83167370664665,0.17854082765260001
3,11,56.66334051820683,27.0,0.0001245349308589702,157.18935855881813,0.17176735274924457
4,11,57.34954116147778,17.0,0.00010603669445332353,131.26579792129314,0.12950822125191502
5,11,58.171942883738076,14.0,8.80086664089561e-05,105.7553202991794,0.13238104674445048
6,11,59.09673032602228,12.0,7.124705714195396e-05,80.61590670211243,0.14885399781387756
7,11,60.0914649349183,9.0,5.6262018863893e-05,62.47063731048374,0.14406768343452825
8,11,61.12717611454784,6.0,4.329780665252754e-05,47.11893702981345,0.12733733777151285
9,11,62.17947171866276,5.0,3.238717670222446e-05,33.89848004992523,0.14749923868669232
10,11,63.228845629781695,1.0,2.3416899683790518e-05,23.820602909152363,0.04198046555806442
11,11,64.26043515332165,3.0,1.6188312796987732e-05,15.806825760204374,0.18979142590113623
12,11,65.26346752642529,0.0,1.046495783433511e-05,9.609892738687854,0.0
13,11,66.23057961857945,0.0,6.005552007715459e-06,5.207955816998585,0.0
14,11,67.15713191386092,0.0,2.584061633458926e-06,2.1585988137940464,0.0
-14,12,67.86623136792106,0.0,1.7195911990367072e-06,1.4301314366176823,0.0
-13,12,67.0266948488858,0.0,3.9605249345757e-06,3.3135815017583568,0.0
-12,12,66.15736397620765,1.0,6.83497799991456e-06,5.946421740258243,0.16816836135752652
-11,12,65.26346752642529,0.0,1.046495783433511e-05,9.609892738687854,0.0
-10,12,64.3525543477082,1.0,1.4975031215313898e-05,14.567134417511017,0.06864768123495238
-9,12,63.43494882292201,2.0,2.0479999999999997e-05,20.671433046072725,0.09675187954034814
-8,12,62.52415070201769,0.0,2.706648204652676e-05,28.06791599039842,0.0
-7,12,61.637084076636626,0.0,3.4768296866527356e-05,37.08411432951248,0.0
-6,12,60.7940677526006,3.0,4.353741496598638e-05,47.99531669535773,0.06250609864795767
-5,12,60.01836063115067,6.0,5.3215012053446557e-05,59.10275597267495,0.10151810861026493
-4,12,59.335151081155516,7.0,6.351030772829026e-05,70.71319880202562,0.09899142053519266
-3,12,58.76993022442898,15.0,7.39969938721239e-05,85.56176750839755,0.1753119464079305
-2,12,58.34632546962621,13.0,8.413621797512765e-05,99.98908741891753,0.1300141879036737
-1,12,58.083652987429666,15.0,9.332973264920332e-05,112.77440227917668,0.13300890713538888
0,12,57.99461679191651,20.0,0.00010099734881959344,122.72162747457209,0.1629704593360612
1,12,58.083652987429666,18.0,9.332973264920332e-05,112.77440227917668,0.15961068856246666
2,12,58.34632546962621,9.0,8.413621797512765e-05,99.98908741891753,0.09000982239485102
3,12,58.76993022442898,14.0,7.39969938721239e-05,85.56176750839755,0.16362448331406845
4,12,59.335151081155516,7.0,6.351030772829026e-05,70.71319880202562,0.09899142053519266
5,12,60.01836063115067,7.0,5.3215012053446557e-05,59.10275597267495,0.11843779337864242
6,12,60.7940677526006,4.0,4.353741496598638e-05,47.99531669535773,0.08334146486394356
7,12,61.637084076636626,3.0,3.4768296866527356e-05,37.08411432951248,0.08089717266383584
8,12,62.52415070201769,2.0,2.706648204652676e-05,28.06791599039842,0.07125573557666938
9,12,63.43494882292201,2.0,2.0479999999999997e-05,20.671433046072725,0.09675187954034814
10,12,64.3525543477082,4.0,1.4975031215313898e-05,14.567134417511017,0.2745907249398095
11,12,65.26346752642529,0.0,1.046495783433511e-05,9.609892738687854,0.0
12,12,66.15736397620765,0.0,6.83497799991456e-06,5.946421740258243,0.0
13,12,67.0266948488858,0.0,3.9605249345757e-06,3.3135815017583568,0.0
14,12,67.86623136792106,0.0,1.7195911990367072e-06,1.4301314366176823,0.0
-14,13,68.566619642028,0.0,1.0143613133865726e-06,0.8223797543100653,0.0
-13,13,67.80718215579364,0.0,2.3161095471563493e-06,1.92694760453037,0.0
-12,13,67.0266948488858,0.0,3.9605249345757e-06,3.3135815017583568,0.0
-11,13,66.23057961857945,0.0,6.005552007715459e-06,5.207955816998585,0.0
-10,13,65.42618405481251,0.0,8.507616384487537e-06,7.722915858527768,0.0
-9,13,64.6230664748477,0.0,1.1515201999167006e-05,11.05143739972366,0.0
-8,13,63.83320567697634,1.0,1.5059959705643508e-05,14.961594813362284,0.06683779453156254
-7,13,63.07106565542146,2.0,1.9145610511471984e-05,19.560378698862962,0.10224750915053905
-6,13,62.35343125851404,3.0,2.373572033607287e-05,24.72753908908254,0.12132222253060881
-5,13,61.698929737653955,2.0,2.8742486284943804e-05,30.58148421528658,0.06539904950068683
-4,13,61.12717611454784,5.0,3.401970522698591e-05,37.02202195199627,0.1350547521819076
-3,13,60.65753596474337,4.0,3.9363576618308835e-05,43.6193936275952,0.09170232933888049
-2,13,60.30758709991969,7.0,4.452430701317293e-05,49.399632873518925,0.1417014579424619
-1,13,60.0914649349183,6.0,4.9229266505906366e-05,54.66180764667326,0.10976585404535487
0,13,60.01836063115067,10.0,5.3215012053446536e-05,59.10275597267492,0.16919684768377496
1,13,60.0914649349183,5.0,4.9229266505906366e-05,54.66180764667326,0.09147154503779573
2,13,60.30758709991969,8.0,4.452430701317293e-05,49.399632873518925,0.1619445233628136
3,13,60.65753596474337,5.0,3.9363576618308835e-05,43.6193936275952,0.1146279116736006
4,13,61.12717611454784,3.0,3.401970522698591e-05,37.02202195199627,0.08103285130914456
5,13,61.698929737653955,4.0,2.8742486284943804e-05,30.58148421528658,0.13079809900137365
6,13,62.35343125851404,1.0,2.373572033607287e-05,24.72753908908254,0.04044074084353627
7,13,63.07106565542146,1.0,1.9145610511471984e-05,19.560378698862962,0.05112375457526953
8,13,63.83320567697634,2.0,1.5059959705643508e-05,14.961594813362284,0.13367558906312507
9,13,64.6230664748477,3.0,1.1515201999167006e-05,11.05143739972366,0.27145790103964346
10,13,65.42618405481251,1.0,8.507616384487537e-06,7.722915858527768,0.12948477211438006
11,13,66.23057961857945,0.0,6.005552007715459e-06,5.207955816998585,0.0
12,13,67.0266948488858,0.0,3.9605249345757e-06,3.3135815017583568,0.0
13,13,67.80718215579364,1.0,2.3161095471563493e-06,1.92694760453037,0.5189554701170596
14,13,68.566619642028,0.0,1.0143613133865726e-06,0.8223797543100653,0.0
-14,14,69.25295140163489,0.0,4.47921504244832e-07,0.3427102333555844,0.0
-13,14,68.566619642028,0.0,1.0143613133865726e-06,0.8223797543100653,0.0
-12,14,67.86623136792106,0.0,1.7195911990367072e-06,1.4301314366176823,0.0
-11,14,67.15713191386092,0.0,2.584061633458926e-06,2.1585988137940464,0.0
-10,14,66.44623369171494,0.0,3.626690629689188e-06,3.115029660860996,0.0
-9,14,65.7421808579139,0.0,4.862430911553834e-06,4.314533387013977,0.0
-8,14,65.05543641291374,0.0,6.2991141870674275e-06,5.869211978185713,0.0
-7,14,64.3982431428705,0.0,7.933747697181504e-06,7.703192077176438,0.0
-6,14,63.784405501538615,2.0,9.748692840201898e-06,9.703986866430515,0.20610085602224995
-5,14,63.228845629781695,0.0,1.170844984189524e-05,11.910301454576162,0.0
-4,14,62.74690849122661,1.0,1.3758013565192888e-05,14.181114440370555,0.07051631972965516
-3,14,62.35343125851404,3.0,1.5823813557381894e-05,16.485026059388343,0.18198333379591342
-2,14,62.061647270397664,4.0,1.7817965496728088e-05,18.708282191198034,0.21380904773191522
-1,14,61.88205317814457,5.0,1.9645886788628328e-05,20.75015152229361,0.2409620958491838
0,14,61.82140989004083,2.0,2.121638651541474e-05,22.463542923145393,0.08903315059617299
1,14,61.88205317814457,5.0,1.9645886788628328e-05,20.75015152229361,0.2409620958491838
2,14,62.061647270397664,2.0,1.7817965496728088e-05,18.708282191198034,0.10690452386595761
3,14,62.35343125851404,0.0,1.5823813557381894e-05,16.485026059388343,0.0
4,14,62.74690849122661,4.0,1.3758013565192888e-05,14.181114440370555,0.28206527891862065
5,14,63.228845629781695,2.0,1.170844984189524e-05,11.910301454576162,0.16792186223225797
6,14,63.784405501538615,1.0,9.748692840201898e-06,9.703986866430515,0.10305042801112498
7,14,64.3982431428705,0.0,7.933747697181504e-06,7.703192077176438,0.0
8,14,65.05543641291374,0.0,6.2991141870674275e-06,5.869211978185713,0.0
9,14,65.7421808579139,1.0,4.862430911553834e-06,4.314533387013977,0.23177477383993192
10,14,66.44623369171494,0.0,3.626690629689188e-06,3.115029660860996,0.0
11,14,67.15713191386092,0.0,2.584061633458926e-06,2.1585988137940464,0.0
12,14,67.86623136792106,0.0,1.7195911990367072e-06,1.4301314366176823,0.0
13,14,68.566619642028,0.0,1.0143613133865726e-06,0.8223797543100653,0.0
14,14,69.25295140163489,0.0,4.47921504244832e-07,0.3427102333555844,0.0
