delta_x,delta_y,T_geom_m2sr,theta_mean_deg,rate_pred_s,counts_pred
-14,-14,5.243975190769452e-07,69.36219584998206,9.213984635054702e-06,0.03317034468619693
-13,-14,1.1893529493929078e-06,68.69281249322829,2.2021265188526925e-05,0.07927655467869693
-12,-14,2.466044663052652e-06,67.86725335994171,4.7319042851189996e-05,0.170348554264284
-11,-14,3.0997775040742777e-06,67.30432683262691,6.0079216077275205e-05,0.21628517787819074
-10,-14,4.646670274699034e-06,66.39598325551519,9.268654826381492e-05,0.3336715737497337
-9,-14,4.927628267862956e-06,65.54002890038686,0.00010303954197541366,0.37094235111148915
-8,-14,7.054417052430511e-06,64.952503800086,0.0001529419055887589,0.5505908601195321
-7,-14,7.242574423998639e-06,64.23312159455651,0.0001633753607278103,0.5881512986201171
-6,-14,1.0695901359719456e-05,63.650348726507374,0.0002473287832132801,0.8903836195678083
-5,-14,1.113952716502778e-05,63.18209357119022,0.0002619971844182815,0.9431898639058135
-4,-14,1.3485177999761732e-05,62.74958933460513,0.000321566173104431,1.1576382231759514
-3,-14,1.8128720636596854e-05,62.27840587109049,0.00043885192725999473,1.5798669381359811
-2,-14,1.6475026380443424e-05,62.009783515612725,0.0004023025142644965,1.4482890513521873
-1,-14,1.7957795621259604e-05,61.86068783656546,0.0004406889255531486,1.586480131991335
0,-14,2.3125024242342017e-05,61.70713625993206,0.0005705125379234712,2.053845136524496
1,-14,2.0283004004638396e-05,61.739380851373696,0.0004998097698822621,1.7993151715761437
2,-14,1.747347038073756e-05,61.972289139075315,0.00042725944440999224,1.538133999875972
3,-14,1.6631686046293024e-05,62.23158987063816,0.0004032527536072118,1.4517099129859625
4,-14,1.3823869117841704e-05,62.60726779282612,0.0003311247477775267,1.1920490919990963
5,-14,1.271886783103485e-05,63.251696704876395,0.00029834716559283477,1.0740497961342053
6,-14,9.490730257945511e-06,63.702628601187605,0.00021914210014850122,0.7889115605346044
7,-14,8.227372399541498e-06,64.40109989798104,0.00018416628910466104,0.6629986407767797
8,-14,6.382053102841597e-06,65.13030793209681,0.0001369264677438604,0.4929352838778975
9,-14,3.5349751506158343e-06,65.81248342035016,7.276031569698951e-05,0.2619371365091622
10,-14,4.173895646433591e-06,66.37683109510664,8.326451142195696e-05,0.299752241119045
11,-14,2.774824366846853e-06,67.13558029326434,5.392250722993232e-05,0.19412102602775635
12,-14,1.6875756524129708e-06,67.78461577956547,3.246099241654321e-05,0.11685957269955555
13,-14,8.718633517974805e-07,68.51698102774206,1.6342899906514992e-05,0.05883443966345397
14,-14,4.27146279703345e-07,68.97380137908758,7.748640150541397e-06,0.02789510454194903
-14,-13,1.4180761752833654e-06,68.49633750589035,2.6637174308757575e-05,0.09589382751152727
-13,-13,2.3513714844096386e-06,67.8986331499271,4.519254581874327e-05,0.16269316494747577
-12,-13,3.6148404935009234e-06,66.92551036804778,7.076205063723012e-05,0.25474338229402843
-11,-13,6.2422619468600884e-06,66.2051708882123,0.00012569933273156724,0.45251759783364204
-10,-13,6.473399898496193e-06,65.26425309925624,0.000137674164721892,0.49562699299881124
-9,-13,1.1503629830161781e-05,64.55515129425025,0.00025524475824893744,0.9188811296961747
-8,-13,1.546801343312024e-05,63.85795835007331,0.00035488727915019826,1.2775942049407136
-7,-13,1.9010011761732385e-05,63.049201807896786,0.0004489153292984671,1.6160951854744816
-6,-13,2.2527222665591094e-05,62.318887794938036,0.0005446314999720016,1.9606733998992056
-5,-13,2.834521929074028e-05,61.705622428958804,0.0006990002331433801,2.5164008393161685
-4,-13,3.308225405512955e-05,60.94818332829193,0.0008345355441191743,3.0043279588290273
-3,-13,4.214240612245293e-05,60.64659391936675,0.0010707727706453334,3.8547819743232
-2,-13,4.319080971894547e-05,60.183160299138265,0.0011091627715334432,3.9929859775203953
-1,-13,5.1002494161791386e-05,60.105203494824,0.0013130240790819798,4.726886684695127
0,-13,5.6131189723012835e-05,59.96796425564728,0.0014490357248566235,5.216528609483845
1,-13,4.885042174427826e-05,60.05695885520949,0.0012570119112601124,4.525242880536405
2,-13,4.362171249393501e-05,60.303062391493064,0.0011159519209074482,4.017426915266814
3,-13,4.052463767001497e-05,60.54145279992754,0.0010314530167881565,3.7132308604373634
4,-13,4.041533654148798e-05,61.08481374353797,0.0010148914648340994,3.6536092734027577
5,-13,2.972979032198366e-05,61.581137395372394,0.0007364513615703509,2.651224901653263
6,-13,2.3726576674055713e-05,62.377887921352105,0.0005724343265159804,2.0607635754575293
7,-13,1.9964115194036548e-05,63.03587814553977,0.00047174273280164606,1.698273838085926
8,-13,1.4886640353552848e-05,63.71858911897756,0.00034348128443336876,1.2365326239601275
9,-13,1.0334714065287981e-05,64.60782881437247,0.0002288025336100502,0.8236891209961807
10,-13,7.642280427547619e-06,65.52547102880824,0.0001598818471312799,0.5755746496726076
11,-13,5.634181985201663e-06,66.2424129366859,0.0001132548390513663,0.4077174205849187
12,-13,3.4821473196952517e-06,67.03829333940433,6.794565319756873e-05,0.24460435151124743
13,-13,2.59265038942855e-06,67.73841121168677,4.9925040595046795e-05,0.17973014614216845
14,-13,9.850721999029674e-07,68.42086588663112,1.859599448891942e-05,0.06694558016010992
-14,-12,1.225855119525265e-06,68.00736171574256,2.3497908248641872e-05,0.08459246969511074
-13,-12,3.838187526362539e-06,66.98900059882634,7.496972920131885e-05,0.2698910251247479
-12,-12,7.607712658410666e-06,66.05617516841507,0.00015432888545546415,0.555583987639671
-11,-12,1.0101662564104117e-05,65.21573568762612,0.00021565447692011605,0.7763561169124178
-10,-12,1.420601996622196e-05,64.27337388113322,0.0003198999945569741,1.1516399804051067
-9,-12,2.0723785502446797e-05,63.293579196720096,0.00048552953671437634,1.747906332171755
-8,-12,2.902053794472984e-05,62.46534855185448,0.0006982351612461031,2.5136465804859713
-7,-12,3.26870598330878e-05,61.59580464721372,0.0008084969184683876,2.9105889064861956
-6,-12,4.5351187936069146e-05,60.75037277058372,0.0011494513445687161,4.138024840447378
-5,-12,5.2989102251663466e-05,59.97548350849553,0.0013662174315726661,4.918382753661598
-4,-12,6.357491053795657e-05,59.24658351738634,0.001678716774057862,6.043380386608304
-3,-12,7.32772791836084e-05,58.686530299417946,0.001979258927681019,7.125332139651668
-2,-12,7.965221624987422e-05,58.258514082106025,0.002190989668653873,7.887562807153944
-1,-12,9.315063098049045e-05,58.00047239136158,0.002591421453381721,9.329117232174196
0,-12,9.93735935836332e-05,57.860701143939615,0.0027821145539106864,10.015612394078472
1,-12,8.754004087790103e-05,57.976850099569475,0.0024378898910548063,8.776403607797302
2,-12,8.980077289694172e-05,58.14316927494795,0.0024836137454861454,8.941009483750124
3,-12,7.148361164425852e-05,58.65849442980783,0.0019317203558827725,6.954193281177981
4,-12,6.418963549777028e-05,59.24883440343051,0.0016905078687718537,6.085828327578673
5,-12,4.9127158312116995e-05,59.972746539160745,0.0012668349560001242,4.560605841600447
6,-12,4.488387013904147e-05,60.66978322976115,0.0011397749055867944,4.10318966011246
7,-12,3.2955039161227414e-05,61.6122838772201,0.0008154123027190938,2.9354842897887377
8,-12,2.5311020955299987e-05,62.45681500670661,0.0006092848273025603,2.1934253782892172
9,-12,2.061735338717789e-05,63.44412850560108,0.0004805821139660911,1.730095610277928
10,-12,1.7542649210757387e-05,64.3075970976815,0.0003944837360105911,1.420141449638128
11,-12,1.0567131203044135e-05,65.30143033997771,0.00022418682586252374,0.8070725731050855
12,-12,7.697356592862797e-06,66.1578945165107,0.00015531735824999,0.559142489699964
13,-12,4.158938377579249e-06,67.15816852392926,8.068406219164822e-05,0.2904626238899336
14,-12,2.137535781392772e-06,67.7823027317644,4.116377876217791e-05,0.14818960354384048
-14,-11,2.8949564279427716e-06,67.09804944475304,5.634480666276086e-05,0.2028413039859391
-13,-11,5.041920065346047e-06,66.20570882701685,0.0001015119939928068,0.3654431783741045
-12,-11,8.353593427284755e-06,65.22170891553814,0.0001781170376647747,0.6412213355931888
-11,-11,1.519442887457215e-05,64.11638210864959,0.00034445720190751545,1.2400459268670556
-10,-11,2.39377482039199e-05,63.126162677684874,0.0005640578272531037,2.0306081781111733
-9,-11,3.5385325483003804e-05,62.07907765929093,0.0008618238387925778,3.10256581965328
-8,-11,4.5369136368383944e-05,61.041511989680686,0.0011411980507187208,4.108312982587395
-7,-11,5.9014519589072174e-05,60.01834369220249,0.001519843182726115,5.471435457814014
-6,-11,6.904222368634196e-05,59.025577097777,0.001836705508578606,6.612139830882982
-5,-11,8.663869226472385e-05,58.087273990530264,0.002402252460434318,8.648108857563544
-4,-11,0.00010325266882479463,57.26930594651663,0.0029659624957347275,10.677464984645018
-3,-11,0.00012707683806123356,56.594379332842415,0.0037546675031697478,13.516803011411092
-2,-11,0.0001472764189942111,56.02267472483889,0.0044546474837005795,16.036730941322087
-1,-11,0.00015938609255866003,55.70409613351857,0.004881828876035586,17.57458395372811
0,-11,0.00017383415936458592,55.582363278341546,0.0053482094491325806,19.25355401687729
1,-11,0.00015345844117063592,55.67506501072835,0.004703615842553429,16.933017033192346
2,-11,0.00013807186106792218,56.0849277937892,0.004164793743608055,14.993257476989
3,-11,0.00011767742804716628,56.61493054001089,0.0034739533431038055,12.5062320351737
4,-11,0.00010409822170600211,57.25469458457915,0.0029918727313515857,10.770741832865708
5,-11,9.04705107233414e-05,58.06655563955015,0.0025106055242742507,9.038179887387303
6,-11,7.69965397274737e-05,58.95939708551738,0.002053844920109429,7.393841712393945
7,-11,6.0747645947091686e-05,60.04375776361442,0.0015652456522271738,5.634884348017826
8,-11,4.351234708197711e-05,61.13625355181153,0.001091688013892409,3.930076850012673
9,-11,3.578352162889879e-05,62.09507978517032,0.0008713362216208704,3.1368103978351334
10,-11,2.2524684285779068e-05,63.21029423288452,0.000529102162536432,1.904767785131155
11,-11,1.784287935366452e-05,64.2416787963407,0.00040242048646574536,1.4487137512766832
12,-11,1.0104170502065412e-05,65.2120373207441,0.00021564088798658762,0.7763071967517154
13,-11,6.127349989067846e-06,66.18410204055381,0.00012352249035040567,0.4446809652614604
14,-11,2.7557776365028404e-06,67.30006876729644,5.345913567939152e-05,0.19245288844580946
-14,-10,3.817445506971621e-06,66.35553322897938,7.647964945736911e-05,0.2753267380465288
-13,-10,1.0526240076317828e-05,65.40228601833118,0.0002219346581988226,0.7989647695157613
-12,-10,1.315220641402155e-05,64.31586221908655,0.0002954895525551882,1.0637623891986776
-11,-10,2.4476245522918254e-05,63.281643660884754,0.000573615066773213,2.065014240383567
-10,-10,3.807023086156331e-05,62.044184432209434,0.0009286583992591682,3.3431702373330054
-9,-10,4.8812942716883214e-05,60.76781779377868,0.0012372003086952854,4.4539211113030275
-8,-10,6.40315185762558e-05,59.56772850813084,0.0016714661240628344,6.0172780466262035
-7,-10,8.429774330494853e-05,58.27887941925552,0.0023187130695389324,8.347367050340157
-6,-10,0.00011247952334223336,57.14063890819126,0.0032495682859702115,11.698445829492762
-5,-10,0.00013619136961642573,55.96058147799639,0.004128302194001069,14.861887898403848
-4,-10,0.000164746851753345,55.094878385816756,0.005157693318501865,18.567695946606715
-3,-10,0.00019803676094568354,54.15292612100821,0.00639368785069414,23.017276262498903
-2,-10,0.00022068460315565584,53.58596068222627,0.007246712410762291,26.08816467874425
-1,-10,0.0002592404329176357,53.19715471448716,0.0086126061364525,31.005382091229002
0,-10,0.0002845878298381435,52.97431851560693,0.00951677899323417,34.26040437564301
1,-10,0.0002489924729694652,53.14934730699944,0.008285222235408915,29.826800047472094
2,-10,0.0002259192982656707,53.565427361118815,0.0074223880892925155,26.720597121453057
3,-10,0.00019576600486124806,54.1921122086777,0.006311542728603605,22.72155382297298
4,-10,0.00016609055442831153,55.05851751805597,0.005206210262502002,18.742356945007206
5,-10,0.00013461631542406659,56.07685965594305,0.004061265861089166,14.620557099920998
6,-10,0.00010495809791935002,57.06498041233221,0.0030408746311921826,10.947148672291858
7,-10,8.76499574613279e-05,58.24965785566228,0.0024130959887291455,8.687145559424923
8,-10,6.331113992240078e-05,59.63134061538996,0.0016494099848299822,5.937875945387936
9,-10,5.1143199399476593e-05,60.85175234330705,0.0012928719269557829,4.654338937040818
10,-10,3.4331064458855e-05,62.02400639168157,0.0008380007189422111,3.01680258819196
11,-10,2.4479418235416454e-05,63.1214105512484,0.0005768327298511371,2.0765978274640937
12,-10,1.427179093539271e-05,64.14569120469646,0.0003233249607382813,1.1639698586578127
13,-10,9.033578298879291e-06,65.42317138226808,0.00019033515774961155,0.6852065678986016
14,-10,3.4851724874900614e-06,66.17254841811544,7.043862597898426e-05,0.25357905352434335
-14,-9,5.2576806650656435e-06,65.73031958850738,0.00010883749033842404,0.39181496521832654
-13,-9,1.2418871758826126e-05,64.51262401923341,0.00027629489212957996,0.9946616116664878
-12,-9,2.045754641278755e-05,63.48179776741916,0.000476376202286022,1.7149543282296793
-11,-9,2.974818128202813e-05,62.14320342805603,0.0007231015553022714,2.603165599088177
-10,-9,4.39323356758267e-05,60.82892026254633,0.0011112302445034133,4.000428880212288
-9,-9,6.921557641721163e-05,59.391597368352,0.0018166640842368085,6.539990703252511
-8,-9,9.309134806199509e-05,57.96579937745609,0.0025959902028756332,9.34556473035228
-7,-9,0.0001291007788407244,56.528681439774395,0.003825101700324967,13.77036612116988
-6,-9,0.00016998084696198573,55.18351394227814,0.0053051908347957755,19.098687005264793
-5,-9,0.0002026700856267801,53.73472022286144,0.0066256258632617455,23.852253107742285
-4,-9,0.00025096254372636604,52.62196317120105,0.008485555945899337,30.548001405237613
-3,-9,0.0003059258015105603,51.543743043759704,0.010715144330497757,38.574519589791926
-2,-9,0.0003330051823350152,50.700805463253964,0.011999663204208895,43.19878753515202
-1,-9,0.00039695662305254116,50.237032280345275,0.014515420898718797,52.25551523538767
0,-9,0.0004264775091644224,50.040999495522804,0.015692308579341077,56.49231088562788
1,-9,0.0003947830811357558,50.2932771298859,0.0144096778937764,51.87484041759504
2,-9,0.00035274203797697125,50.73176383087893,0.012696504969221502,45.70741788919741
3,-9,0.00029583949534991977,51.55781947089921,0.010357755774995116,37.28792078998242
4,-9,0.00027419085951830576,52.57394007908725,0.009285917571423082,33.429303257123095
5,-9,0.00021455122141701038,53.85098403769421,0.0069902490713866635,25.16489665699199
6,-9,0.00015892511065939728,55.14462071603266,0.0049667838994746204,17.880422038108634
7,-9,0.0001255907136990254,56.548010613068854,0.003716796205147903,13.38046633853245
8,-9,8.652867292348994e-05,57.93639750226264,0.0024155397795112563,8.695943206240523
9,-9,6.78976357103867e-05,59.3683227793044,0.001783822704755748,6.4217617371206925
10,-9,4.91412502303924e-05,60.73986206550889,0.0012447136902555684,4.480969284920046
11,-9,2.8536944467611804e-05,62.0998990771201,0.0006948017811372336,2.501286412094041
12,-9,2.4446914252494023e-05,63.31818727600098,0.0005723523008069741,2.0604682829051066
13,-9,1.145414569482775e-05,64.67501809149911,0.00025251275953332023,0.9090459343199528
14,-9,3.8051041730483482e-06,65.63654940754911,7.902490374873978e-05,0.2844896534954632
-14,-8,6.422039813298668e-06,64.96273399414717,0.00013918269864498725,0.5010577151219541
-13,-8,1.2612150256264696e-05,63.793178364282866,0.00028998152247265837,1.0439334809015701
-12,-8,2.7087191657401975e-05,62.46952989716406,0.0006517734123491515,2.346384284456945
-11,-8,4.316982116207304e-05,61.06976136242455,0.0010852796321626672,3.907006675785602
-10,-8,6.295526021734323e-05,59.582265208437555,0.0016427298676682924,5.913827523605852
-9,-8,9.29059353726598e-05,57.97691232156303,0.002590020178942194,9.324072644191899
-8,-8,0.00012767478890542998,56.41584129216027,0.0038002905211772294,13.681045876238025
-7,-8,0.0001796538091852223,54.64700370959593,0.005709424976218031,20.553929914384913
-6,-8,0.0002420383010315649,52.9866990211256,0.008093964263686776,29.138271349272394
-5,-8,0.0003010480893329143,51.356024670006,0.010608582535830738,38.190897128990656
-4,-8,0.00036872589526130295,49.899232875443445,0.013618743986867146,49.02747835272173
-3,-8,0.0004321123696652656,48.5446098444762,0.016500784483705334,59.4028241413392
-2,-8,0.0005344281353638313,47.59322810392667,0.020758419699748003,74.73031091909282
-1,-8,0.0005825352756934268,46.893688041962236,0.022889881627966336,82.4035738606788
0,-8,0.0006508896026698977,46.63611636420418,0.025682416894841426,92.45670082142914
1,-8,0.0006168503341975875,46.91585151041101,0.024226638319036015,87.21589794852966
2,-8,0.0005154181909750537,47.54823434950913,0.020031606288463857,72.11378263846989
3,-8,0.00044481779653125206,48.578428032740874,0.01697489555326106,61.10962399173981
4,-8,0.0003834904975664002,49.89883057791333,0.014171001984501434,51.01560714420516
5,-8,0.0003049811704286537,51.3789367609411,0.010740323235699789,38.66516364851924
6,-8,0.00023831417947288506,52.95311693325441,0.007975299661106229,28.711078779982422
7,-8,0.00018056323185000836,54.67483764488059,0.005733163065666235,20.639387036398446
8,-8,0.00013072546393468032,56.34018849156002,0.0039036556439333726,14.053160318160142
9,-8,9.16544125385927e-05,58.03222427850344,0.002548526719728207,9.174696191021544
10,-8,6.502169060052647e-05,59.601970306428036,0.001695909438535824,6.105273978728967
11,-8,4.329393205677981e-05,60.981670905621115,0.0010916444838910948,3.9299201420079415
12,-8,2.5435686676786724e-05,62.47263925179887,0.000611930091476385,2.2029483293149856
13,-8,1.4215845895637815e-05,63.73806810950061,0.00032758156518856426,1.1792936346788314
14,-8,6.0300830113956e-06,65.02731132763913,0.00013023969581909422,0.4688629049487392
-14,-7,8.782336066767237e-06,64.26669207588121,0.0001975246960989402,0.7110889059561848
-13,-7,1.8259989897348454e-05,62.95794074821575,0.0004325694726161924,1.5572501014182927
-12,-7,3.242067966214364e-05,61.58271270077422,0.0008029202023039861,2.89051272829435
-11,-7,5.39959432111027e-05,59.99564162910608,0.00139262950579521,5.013466220862756
-10,-7,8.699284129693619e-05,58.32812922830041,0.0023856389763231268,8.588300314763256
-9,-7,0.00012026004873393098,56.627203971425885,0.0035469047553609535,12.768857119299433
-8,-7,0.00018391341743219679,54.65828669315671,0.00584497638262687,21.041914977456734
-7,-7,0.00024078282674021225,52.697851479084285,0.008123592883201124,29.244934379524047
-6,-7,0.0003200159923019537,50.75189665738965,0.011509462679261836,41.434065645342606
-5,-7,0.00042513304139799583,48.74052579974881,0.016164074984070523,58.190669942653884
-4,-7,0.0005392369160081567,46.91760241514926,0.0211812025349851,76.25232912594636
-3,-7,0.0006611869474699683,45.20313513565245,0.026793606696075126,96.45698410587045
-2,-7,0.0007897883487372074,44.03623547921813,0.03276907163041797,117.9686578695047
-1,-7,0.0008738223151909806,43.13053293733638,0.03691562793108074,132.89626055189066
0,-7,0.0009812713247583757,42.88065777823475,0.041646040255533034,149.9257449199189
1,-7,0.0009199186528425203,43.123284608860764,0.03886782104304245,139.9241557549528
2,-7,0.0008037170224435291,43.986704424687574,0.033382189173178034,120.17588102344092
3,-7,0.0006682984654350298,45.24120444351865,0.02705779394614115,97.40805820610815
4,-7,0.0005457133112949143,46.88094853889791,0.021443508579454075,77.19663088603467
5,-7,0.00042867431767241966,48.741829516638404,0.016306983239421605,58.70513966191778
6,-7,0.00033115705209581746,50.693746783899705,0.011933648460654893,42.96113445835761
7,-7,0.00022275505790731378,52.69976057479471,0.0075147108661016,27.05295911796576
8,-7,0.00017804416246580001,54.664279605876224,0.005655926153518343,20.361334152666036
9,-7,0.00012595767185704816,56.587358863046596,0.0037217859279369356,13.398429340572969
10,-7,8.986527817519949e-05,58.3032874914489,0.002467812280383434,8.884124209380364
11,-7,5.682237778283157e-05,60.083176975931224,0.0014626082337270859,5.265389641417509
12,-7,3.763657673093526e-05,61.48260399486236,0.0009345632407885616,3.364427666838822
13,-7,1.9260315730126724e-05,63.08005140464647,0.00045450144722133733,1.6362052099968143
14,-7,9.423125046304262e-06,64.28396784976451,0.00021189932334702744,0.7628375640492988
-14,-6,1.0522499073538694e-05,63.76113998090542,0.0002422705285349121,0.8721739027256835
-13,-6,2.3744065074014518e-05,62.353031271528856,0.0005734244774452948,2.0643281188030613
-12,-6,4.590297722282349e-05,60.66645702909853,0.0011650229649191699,4.194082673709012
-11,-6,7.02653539080792e-05,58.95108183205534,0.001876561673017316,6.755622022862338
-10,-6,0.00010537458796761176,57.14473699574884,0.003042855510507276,10.954279837826194
-9,-6,0.00015720224805180455,55.15269907815774,0.004913281737886665,17.687814256391995
-8,-6,0.0002246056148842944,53.037914225433234,0.007497879462142841,26.99236606371423
-7,-6,0.00033081576933892133,50.71709002963395,0.011912222252414922,42.88400010869372
-6,-6,0.00044309106653715714,48.392154851650695,0.0169745451329411,61.108362478587956
-5,-6,0.0005932082915264403,45.96256037878103,0.02368370111639383,85.26132401901779
-4,-6,0.0007446469742924106,43.67857631826294,0.03112469214680854,112.04889172851074
-3,-6,0.0009430212058044146,41.621068593649035,0.040948599465365915,147.4149580753173
-2,-6,0.0011290483397226137,39.96549786484607,0.050487452922472094,181.75483052089953
-1,-6,0.0012923723202392207,38.89104273822508,0.05894058261714069,212.18609742170648
0,-6,0.0014207623141287084,38.45745242587285,0.06532287717893122,235.16235784415238
1,-6,0.0012743086007780554,38.86394496506408,0.05814887453425861,209.335948323331
2,-6,0.0011453342715065686,39.94479175413322,0.05123608823061299,184.44991763020678
3,-6,0.0009545051808893676,41.68548642071203,0.04140291165200688,149.05048194722477
4,-6,0.0007497150784907715,43.68694898668133,0.031331832307178176,112.79459630584144
5,-6,0.0006032342125731156,45.990131947310076,0.024072187758083202,86.65987592909953
6,-6,0.0004440193527061499,48.37620928875736,0.017009598658281125,61.23455516981205
7,-6,0.0003243650497253259,50.69776010873299,0.011686999238015984,42.07319725685754
8,-6,0.00023081824173844598,53.01116368058652,0.007712063136378598,27.763427290962955
9,-6,0.00016525210903019306,55.17718431939599,0.005159570068074548,18.574452245068372
10,-6,0.00011398343074223101,57.1767683154738,0.003287699155112492,11.835716958404971
11,-6,6.990138605899787e-05,58.97748367954662,0.001864453354138902,6.712032074900048
12,-6,4.429192111467114e-05,60.77914383097084,0.0011213204161509408,4.036753498143387
13,-6,2.203918456468042e-05,62.23101235308422,0.0005342699703443985,1.9233718932398345
14,-6,9.785057551166993e-06,63.613059190259555,0.00022669143178001688,0.8160891544080607
-14,-5,9.980563548460468e-06,63.043173035302736,0.00023582186317047706,0.8489587074137174
-13,-5,2.9631858539058173e-05,61.68477782404731,0.0007311251959146173,2.6320507052926225
-12,-5,5.34213247292903e-05,59.98451685288455,0.0013783017844411797,4.961886423988247
-11,-5,8.985669032101044e-05,58.05926151867308,0.002494543879588492,8.980357966518572
-10,-5,0.000143955367978836,55.978551235118125,0.004360656431921717,15.698363154918182
-9,-5,0.0002010398643317778,53.7787681810876,0.006563728654014166,23.629423154450997
-8,-5,0.0002969755147705736,51.38081972092979,0.010458839132335007,37.65182087640603
-7,-5,0.00042027512222620443,48.808059597403926,0.015967110059864054,57.48159621551059
-6,-5,0.000604762913447504,46.01900999369217,0.024122843798227496,86.84223767361898
-5,-5,0.0008171718934747386,43.13176738975045,0.034524733233997816,124.28903964239214
-4,-5,0.0010497356108285659,40.29021019350878,0.046664655198927735,167.99275871613983
-3,-5,0.001328316317683286,37.69876407895427,0.06193717041754052,222.9738135031459
-2,-5,0.0016187902086600302,35.479581815905405,0.07857785340893803,282.8802722721769
-1,-5,0.001844572182033576,34.049786361959264,0.09170131877110857,330.12474757599085
0,-5,0.002027727634243127,33.480558013870954,0.10171825525954316,366.18571893435535
1,-5,0.00187477220025386,34.06681554103127,0.0931776337529654,335.4394815106754
2,-5,0.001608067252430203,35.556249329825384,0.07794832209226625,280.6139595321585
3,-5,0.0013198327230389201,37.633780248163745,0.06161737615121369,221.8225541443693
4,-5,0.0010490309053560129,40.349134927152726,0.04658753336336867,167.7151201081272
5,-5,0.0007693684729467109,43.15274579038095,0.03249092198408127,116.96731914269256
6,-5,0.0006096429943296869,45.97131250411586,0.024337358691657998,87.6144912899688
7,-5,0.0004203285628928764,48.775576577025056,0.01597004740215302,57.492170647750875
8,-5,0.000309312912280225,51.36976604016629,0.010897158396965046,39.22977022907417
9,-5,0.00020484144826074825,53.82806301389312,0.006678184643624971,24.041464717049898
10,-5,0.0001370205809406554,56.00859113935386,0.004145890196407018,14.925204707065266
11,-5,9.664033239655903e-05,57.99347362717146,0.00269046988821203,9.685691597563308
12,-5,5.5001470555189415e-05,59.92802140101121,0.0014198397559039863,5.111423121254351
13,-5,2.7370039231534475e-05,61.69054270502175,0.0006750414770456246,2.4301493173642488
14,-5,1.0332402412604899e-05,63.18641704759003,0.00024285081559294016,0.8742629361345846
-14,-4,1.2948021046416163e-05,62.73544347940749,0.00030893531506003436,1.1121671342161237
-13,-4,3.1745414705715936e-05,60.983040048421586,0.0008000754226712844,2.8802715216166237
-12,-4,6.043438336475358e-05,59.13429269097374,0.001600782175007922,5.7628158300285195
-11,-4,9.554203751295062e-05,57.325734826914335,0.0027382752075059075,9.857790747021268
-10,-4,0.00016763442561118868,55.054896670192505,0.00525527163145758,18.91897787324729
-9,-4,0.00025330299473662094,52.58878767438533,0.008575768930565827,30.872768150036975
-8,-4,0.00037796127840536843,49.86816576832339,0.013975242753329337,50.31087391198561
-7,-4,0.0005398657416232077,46.935300593731874,0.021195918105498045,76.30530517979297
-6,-4,0.0007435516225024741,43.69904659602956,0.0310653885253369,111.83539869121283
-5,-4,0.0010278776562353679,40.279757700650634,0.045703921542767034,164.53411755396132
-4,-4,0.001415424260717105,36.875711476536004,0.06701259068894981,241.24532648021932
-3,-4,0.0017712769756002065,33.51695759638539,0.08880924098183665,319.71326753461193
-2,-4,0.0021992393736001477,30.673842633753228,0.11489128701989423,413.6086332716192
-1,-4,0.0025599723739611548,28.619454577975674,0.13720278884147233,493.93003982930037
0,-4,0.0028189487236459157,27.93223662870435,0.15236262705150205,548.5054573854073
1,-4,0.002582239878440493,28.661144860476686,0.13833021750039434,497.9887830014196
2,-4,0.0022405650111914067,30.610520810895625,0.11714489783945824,421.72163222204966
3,-4,0.0017761419745279945,33.50886616674195,0.08906044106536147,320.61758783530126
4,-4,0.001407399143273161,36.79453642264483,0.06673391777748461,240.2421039989446
5,-4,0.0010676213065094337,40.26208471121236,0.04748479320030902,170.94525552111247
6,-4,0.0007762414720749894,43.71106108795329,0.03242008268478489,116.7122976652256
7,-4,0.0005346262824463523,46.870896964444356,0.02101055859880753,75.6380109557071
8,-4,0.0003827088456908097,49.90176446147662,0.014140130702417054,50.904470528701395
9,-4,0.0002509449000329001,52.55957278558406,0.008502559265899951,30.609213357239824
10,-4,0.0001640229473443239,54.980187618498825,0.005155456214095558,18.559642370744008
11,-4,0.0001111426085208549,57.26550025970855,0.003192923856542048,11.494525883551374
12,-4,6.235403121730422e-05,59.25101055291068,0.001645102630132667,5.922369468477601
13,-4,3.152495091731777e-05,61.057165783953586,0.0007927597821260832,2.8539352156538995
14,-4,1.5146113085334332e-05,62.69866346281973,0.0003618092291253993,1.3025132248514375
-14,-3,1.619897648881434e-05,62.26566213610028,0.000392181665820735,1.411853996954646
-13,-3,4.284899930671616e-05,60.55171509607427,0.0010901040477245454,3.9243745718083636
-12,-3,7.69478138580084e-05,58.634619893459,0.0020813714105567403,7.492937078004266
-11,-3,0.0001275982884450415,56.58359918471732,0.003772425459087991,13.580731652716768
-10,-3,0.00019370583999952387,54.294879131489544,0.0062256821138910665,22.41245561000784
-9,-3,0.0003023678373008875,51.52001019647899,0.010599127797759792,38.15686007193525
-8,-3,0.00046304146435453977,48.58576352184445,0.01766691550731441,63.60089582633188
-7,-3,0.0006440462373176455,45.253505932158454,0.02607078436142815,93.85482370114134
-6,-3,0.0009750773504182784,41.58960123475278,0.04236637213032643,152.51893966917515
-5,-3,0.001342267492414209,37.69182388984169,0.06259685088746259,225.3486631948653
-4,-3,0.001822232828594631,33.512604289137215,0.09137271429375045,328.9417714575016
-3,-3,0.002350953695312247,29.37729439500816,0.12486618096607292,449.5182514778625
-2,-3,0.002913780272909978,25.556310577936326,0.16260015455513543,585.3605563984876
-1,-3,0.0034408685770070686,22.811716030349515,0.2007629060309434,722.7464617113963
0,-3,0.003793203664368008,21.764300301092483,0.22539192985612821,811.4109474820616
1,-3,0.003499751848795375,22.768767552874674,0.20434672098067616,735.6481955304341
2,-3,0.00293727332333413,25.553893020581725,0.16388905864255257,590.0006111131893
3,-3,0.002351941821369272,29.31088544469169,0.1250221321490591,450.0796757366128
4,-3,0.001820313212839476,33.52054811684879,0.0912641640635485,328.55099062877457
5,-3,0.0013368063206432971,37.67120142489951,0.062363597321994764,224.50895035918114
6,-3,0.0009268738556963049,41.60175162438514,0.04026205226560663,144.94338815618386
7,-3,0.0006747396319778514,45.278005333966526,0.027305862973778124,98.30110670560124
8,-3,0.00045391864009872466,48.572240240244525,0.017321843342623353,62.35863603344407
9,-3,0.0002936187312039157,51.5272336625641,0.010292090098854161,37.05152435587498
10,-3,0.00020242616774682263,54.21477664432858,0.006520289054682002,23.47304059685521
11,-3,0.00011926777189604315,56.47136187209585,0.003541787477421627,12.750434918717858
12,-3,6.879531864035756e-05,58.684700635803935,0.0018573213358100736,6.6863568089162655
13,-3,4.159404679838386e-05,60.61747247303067,0.0010573970053527914,3.8066292192700493
14,-3,1.2731631708086994e-05,62.27684804309959,0.00030828353927779583,1.109820741400065
-14,-2,1.5764482318243226e-05,62.03447246828584,0.0003845864873206798,1.3845113543544474
-13,-2,4.425065806313076e-05,60.16519341383773,0.0011358938526761647,4.089217869634193
-12,-2,7.955179901673225e-05,58.23218911072126,0.002190888882432095,7.887199976755542
-11,-2,0.00015376042698317217,56.061913815679155,0.004642481689389176,16.712934081801034
-10,-2,0.00022327048521871294,53.56429643600049,0.0073359499435897615,26.409419796923142
-9,-2,0.0003610660963113945,50.748755721073834,0.012989015480700665,46.760455730522395
-8,-2,0.0005490280968615828,47.53989924915281,0.02133964834601263,76.82273404564548
-7,-2,0.0007855313784432117,44.00284861877953,0.03261221259445966,117.40396534005477
-6,-2,0.0011323702727444288,39.9416802060477,0.050660215622762496,182.37677624194498
-5,-2,0.0016147061758483344,35.47978543443444,0.07838324612299373,282.1796860427774
-4,-2,0.002209530364194131,30.615554425894477,0.11550878172956373,415.83161422642945
-3,-2,0.002888317609112408,25.558785088602843,0.16115201785506153,580.1472642782215
-2,-2,0.0037200926197875303,20.571327157985973,0.22563912845725612,812.300862446122
-1,-2,0.004328680167544388,16.69687335122598,0.27782852841920014,1000.1827023091205
0,-2,0.004866675160003016,15.023306884030848,0.31702469691236057,1141.2889088844981
1,-2,0.004342957299237146,16.613863304232645,0.2789399965980598,1004.1839877530152
2,-2,0.0036298398675961422,20.643588761954632,0.21989980034907367,791.6392812566652
3,-2,0.002904027463553762,25.51609016178809,0.1621291190581909,583.6648286094872
4,-2,0.0022403385740366833,30.65351606077981,0.11706738106802496,421.44257184488987
5,-2,0.0016135943519404268,35.48494148553781,0.07831797056493563,281.94469403376826
6,-2,0.0011330247646894058,39.93174389433025,0.05069641493343365,182.50709376036116
7,-2,0.0007748719502593798,44.017687280676355,0.03216477076951299,115.79317477024676
8,-2,0.00052334304373698,47.58002672398511,0.02033311854526938,73.19922676296976
9,-2,0.0003470027332118548,50.720521959126096,0.012496207951341997,44.98634862483119
10,-2,0.00022433635937925327,53.49660283490233,0.007386065798375508,26.58983687415183
11,-2,0.0001445216721224418,56.04946002604715,0.004366718066602895,15.720185039770424
12,-2,8.794657359161614e-05,58.25866441608579,0.002419979396698874,8.711925828115946
13,-2,4.23022802582953e-05,60.18285717940595,0.0010864180973082283,3.911105150309622
14,-2,1.662077911006445e-05,61.999857558099286,0.00040598115231641477,1.4615321483390933
-14,-1,2.1848152434108716e-05,61.71413625471043,0.0005387712195248547,1.9395763902894771
-13,-1,4.6189198834447694e-05,59.945222821800186,0.0011924510229624592,4.292823682664853
-12,-1,9.14085896436078e-05,57.88345740483194,0.002557369933695021,9.206531761302076
-11,-1,0.00016158927343815698,55.73483615055794,0.0049393594478810195,17.78169401237167
-10,-1,0.0002504024382469716,53.18373231846875,0.008322598875174546,29.961355950628366
-9,-1,0.00038478123152393685,50.236989891699864,0.014071644389502409,50.657919802208674
-8,-1,0.0005993758073441039,46.91566446384992,0.023541102142747412,84.74796771389069
-7,-1,0.0008898232843078871,43.08848027517165,0.03761694643666945,135.42100717201
-6,-1,0.001315729669422674,38.80341602636209,0.0601055607647074,216.38001875294663
-5,-1,0.001889844206583136,34.02804098571244,0.09397788503281504,338.32038611813414
-4,-1,0.002562417212671958,28.59638054121678,0.13736839631134634,494.5262267208468
-3,-1,0.003406748568403059,22.816576861716673,0.19874399415299238,715.4783789507726
-2,-1,0.004327436330288515,16.686149460016875,0.2777648092750522,999.953313390188
-1,-1,0.005148533983621066,10.9923469964461,0.28288611369418765,1018.3900092990755
0,-1,0.005719197741503095,8.169466057894759,0.18956674550825023,682.4402838297008
1,-1,0.0051741238867168285,10.981737564766737,0.2836573243743425,1021.166367747633
2,-1,0.004360251350147782,16.658072869841465,0.2799488642887344,1007.8159114394438
3,-1,0.0034216059698440283,22.791264680705307,0.19971017189610205,718.9566188259673
4,-1,0.0025456847222141586,28.595779002109097,0.13647190347826382,491.2988525217498
5,-1,0.0018340559161070776,34.02093267646375,0.09121321762312605,328.3675834432538
6,-1,0.0013172354696403866,38.84725277165015,0.06012564117251404,216.45230822105054
7,-1,0.0009066546004406837,43.15466020143512,0.03828224517036854,137.81608261332673
8,-1,0.0006009191058114899,46.921984959119015,0.023599909266436236,84.95967335917045
9,-1,0.0003994719711950115,50.23335217295914,0.014613521881195251,52.6086787723029
10,-1,0.00024544548537394563,53.178407734899096,0.008158892708254257,29.37201374971532
11,-1,0.00015017025924054717,55.70277216769237,0.004597085700593385,16.549508522136186
12,-1,9.40090768787059e-05,57.97487623424541,0.0026193522360692385,9.429668049849258
13,-1,5.012326784825508e-05,60.00151777250606,0.0012918475688004144,4.650651247681492
14,-1,2.0195693973071322e-05,61.87161545367132,0.0004953292035898582,1.7831851329234893
-14,0,2.2718975973501416e-05,61.8722561195372,0.0005574138640236124,2.0066899104850044
-13,0,5.3156082768443294e-05,59.96262298266413,0.0013726768250197333,4.94163657007104
-12,0,9.836483341700302e-05,57.94052769503241,0.002744914192248726,9.881691092095412
-11,0,0.00017793128319954272,55.5680209329967,0.005476695544177356,19.71610395903848
-10,0,0.000278067784176515,53.01170386407458,0.00929023193376303,33.44483496154691
-9,0,0.00043721631650689007,50.03634058562449,0.01608620354586609,57.91033276511792
-8,0,0.0006515295096939705,46.66673080006363,0.025696030736923326,92.50571065292398
-7,0,0.0009804633559916094,42.83578198044578,0.04164737098782841,149.9305355561823
-6,0,0.0014645799717134236,38.45811386815242,0.06733183013417635,242.39458848303485
-5,0,0.0020369056897779256,33.49984332097807,0.10214790908342092,367.7324727003153
-4,0,0.0028070370478997025,27.914899987217563,0.15175775172855233,546.3279062227883
-3,0,0.0037656738532853293,21.745119982482173,0.22384405782321043,805.8386081635575
-2,0,0.004772599195763215,15.029266521881796,0.3107865120689228,1118.8314434481222
-1,0,0.005667763906635948,8.135890668833362,0.1849547528475648,665.8371102512333
0,0,0.0063145450463878115,3.9622794925640656,0.004170490708761301,15.013766551540684
1,0,0.005652487842395664,8.158406846725967,0.18759051209148667,675.325843529352
2,0,0.004745884301320512,15.050960624005873,0.3089217463891895,1112.1182870010823
3,0,0.003787239382752903,21.716643763874437,0.22525418747516784,810.9150749106043
4,0,0.002826174650107066,27.918723383156852,0.15278653528342054,550.0315270203139
5,0,0.002036471071648371,33.49596361618957,0.10212512070431848,367.65043453554654
6,0,0.0014038331821036166,38.466563963563935,0.06453208870085624,232.31551932308244
7,0,0.001001465455998846,42.777226371512036,0.04258568871783688,153.30847938421275
8,0,0.0006559911869834526,46.6874203716102,0.02586073950766397,93.0986622275903
9,0,0.0004235831255023523,50.065734593928305,0.015577201874214948,56.07792674717381
10,0,0.0002767841257545569,52.98788520142348,0.009252781635765312,33.31001388875512
11,0,0.00017959392728712412,55.56946086957755,0.005525043805098551,19.890157698354784
12,0,0.00010463335886375084,57.84598969262266,0.0029312506567802784,10.552502364409003
13,0,5.511919857384836e-05,59.94663581824479,0.0014227022353547844,5.121728047277224
14,0,1.687532993217945e-05,61.789904681844945,0.0004149443457825148,1.4937996448170534
-14,1,1.8846040599364537e-05,61.78619591709539,0.0004637105884370167,1.6693581183732602
-13,1,4.890839746027941e-05,60.0154967454685,0.0012617282306069033,4.5422216301848515
-12,1,9.320113891754009e-05,57.92231325384549,0.00260217858704952,9.367842913378272
-11,1,0.00016066974850310832,55.67460652039384,0.004924217438855832,17.727182779880994
-10,1,0.00024196018327894475,53.16261087794809,0.008047708973626659,28.971752305055972
-9,1,0.0003999791314523897,50.21806478585784,0.014633292711157686,52.67985376016767
-8,1,0.000589733698434905,46.88962913801358,0.023168362424727362,83.40610472901851
-7,1,0.0008883792485608499,43.14129088901901,0.0375158203385114,135.05695321864104
-6,1,0.0012863090770411996,38.82886583292184,0.05873254948191084,211.43717813487902
-5,1,0.0018705347034066561,33.98799838047097,0.09308312969730298,335.09926691029074
-4,1,0.0026314732619871083,28.6396692675706,0.14100090554463546,507.60325996068764
-3,1,0.003426878982452276,22.743217152593715,0.2001922023802551,720.6919285689183
-2,1,0.004324193719473077,16.628138111188758,0.2777486236104579,999.8950449976484
-1,1,0.005182102461378991,10.979011456878542,0.2834924936393959,1020.5729771018251
0,1,0.0057211656332256675,8.149883748282663,0.1877693673395607,675.9697224224185
1,1,0.005090664602724473,10.95225930316419,0.27822144635651214,1001.5972068834437
2,1,0.004401861603690654,16.67004607858614,0.28257228527571554,1017.2602269925759
3,1,0.003426248294462882,22.765879140526145,0.2000786182721271,720.2830257796576
4,1,0.0025808346294988295,28.64534196044636,0.13828250226279618,497.81700814606626
5,1,0.0018413120022087426,33.98254853733466,0.09163671475464513,329.89217311672246
6,1,0.0013200379703917722,38.84598070727704,0.06025400247327838,216.91440890380218
7,1,0.000898545440964377,43.14613017264146,0.03794657124783063,136.60765649219027
8,1,0.0005790138903326951,46.95638643501772,0.022733109008704986,81.83919243133795
9,1,0.0004074293624309297,50.16899226552441,0.01493235844081568,53.75649038693645
10,1,0.00025106091015859996,53.1607271450964,0.00835138453227924,30.064984316205262
11,1,0.0001523158438574187,55.754764308230676,0.004655072479868,16.758260927524802
12,1,9.197057830544302e-05,57.971926776090484,0.002563160237368604,9.227376854526975
13,1,4.972004809357797e-05,59.971034751491246,0.0012829031736938795,4.618451425297966
14,1,1.811355123100861e-05,61.83451153809484,0.00044497125399826833,1.601896514393766
-14,2,1.7056645693698894e-05,61.967391410381694,0.00041713017666250617,1.5016686359850222
-13,2,4.57526026763137e-05,60.2566167751597,0.0011727755996204044,4.221992158633456
-12,2,8.793415697074992e-05,58.26392394668828,0.0024172464054388184,8.702087059579746
-11,2,0.00014273569497786387,56.03546101410358,0.0043154436189507695,15.53559702822277
-10,2,0.00022473876490379098,53.52075476832657,0.007394781066109621,26.621211837994636
-9,2,0.0003448843275924061,50.75150788599005,0.012406613534575691,44.66380872447249
-8,2,0.0005224415310947065,47.56916886215652,0.020300740328850063,73.08266518386023
-7,2,0.0007793050717129164,44.02389460565087,0.03234428226132027,116.43941614075298
-6,2,0.0011411571636145987,39.949156179910105,0.051043314719475194,183.7559329901107
-5,2,0.0015894333855886898,35.46822976201946,0.07716118282269085,277.7802581616871
-4,2,0.002191962876268215,30.666720160851167,0.11451758633929515,412.26331082146254
-3,2,0.002939651300923953,25.533826032976865,0.1640696467763545,590.6507283948762
-2,2,0.0036838647495681747,20.585966902597697,0.2233989782883325,804.236321837997
-1,2,0.0043634380270988465,16.630095773210364,0.28021856195915235,1008.7868230529484
0,2,0.004777755637726938,15.055935107033992,0.31086900384838206,1119.1284138541755
1,2,0.00430931448222224,16.668257391113325,0.2766356804246672,995.8884495288019
2,2,0.003695816851741578,20.59549950805302,0.2240819685104271,806.6950866375375
3,2,0.0029090762201092837,25.540163643394642,0.162382972413434,584.5787006883623
4,2,0.002219637700922146,30.631012279720114,0.11601758150899824,417.6632934323937
5,2,0.001645845132362259,35.51712933655091,0.07984100576327663,287.42762074779586
6,2,0.0011404535980113857,39.923508003797934,0.0510353358139012,183.7272089300443
7,2,0.0007963518734795331,43.97730894424392,0.033083222860170784,119.09960229661482
8,2,0.000532153933181086,47.637807352041484,0.020655388293149536,74.35939785533833
9,2,0.00035140941864475125,50.76058448068905,0.012634995599112481,45.48598415680493
10,2,0.00022215423574971447,53.50658343193177,0.007312643838469383,26.32551781848978
11,2,0.00014382998423004896,56.10122594176184,0.00433557073400143,15.608054642405149
12,2,8.547293174325694e-05,58.245846559779885,0.002352563438009836,8.46922837683541
13,2,4.350143936776929e-05,60.28414472733319,0.0011135830400282396,4.008898944101663
14,2,1.8335168471732475e-05,61.93704829416354,0.0004487584948424431,1.6155305814327952
-14,3,1.3247831196574189e-05,62.36158086399446,0.0003199608781378349,1.1518591612962057
-13,3,4.120312098210656e-05,60.58236847570103,0.0010483612941656788,3.774100658996444
-12,3,7.052294667276127e-05,58.67418604066711,0.001904605227761932,6.856578819942955
-11,3,0.00012843593625560268,56.577750856383744,0.0037985258634609343,13.674693108459364
-10,3,0.00019055209398533335,54.22989952641057,0.006138420041796332,22.098312150466796
-9,3,0.00030140711628979703,51.582572805891445,0.010542379899505776,37.95256763822079
-8,3,0.0004649415050375684,48.61255612090255,0.017722627609719356,63.801459394989685
-7,3,0.0006634878414413919,45.27594733909678,0.026848637582957854,96.65509529864828
-6,3,0.0009696931600745426,41.60524002906548,0.042118440551953,151.6263859870308
-5,3,0.0013578531718426996,37.66689777628679,0.0633548631552004,228.07750735872145
-4,3,0.0018132923620862707,33.48774490322423,0.09095078351691462,327.4228206608926
-3,3,0.00237227265773879,29.326794140501253,0.12607142548039552,453.8571317294239
-2,3,0.002923941789628209,25.572347334998184,0.1631061373869156,587.1820945928962
-1,3,0.003419758306957583,22.79910226153239,0.1995745993076126,718.4685575074053
0,3,0.0037951863438845023,21.72210785349492,0.22569612036581352,812.5060333169287
1,3,0.0033708672162072366,22.815532466205003,0.19664627930878076,707.9266055116108
2,3,0.0029039264350550964,25.5878307216859,0.16198856055441405,583.1588179958906
3,3,0.002361454576435429,29.316177274886176,0.12552052950599396,451.87390622157824
4,3,0.0017848536932106207,33.52987260219666,0.0894663511889062,322.0788642800623
5,3,0.0013204947840706643,37.62363983024613,0.061661233996995225,221.9804423891828
6,3,0.000946734045914739,41.6698809738074,0.041076983703659614,147.87714133317462
7,3,0.0006509919501689624,45.23123575901671,0.026369601526689226,94.93056549608121
8,3,0.0004428874551481118,48.52956861268544,0.016918648385226307,60.90713418681471
9,3,0.00030220575006745763,51.5459666353647,0.010584556657493834,38.1044039669778
10,3,0.00020488466317030845,54.21038230801027,0.006603454498328103,23.772436193981168
11,3,0.0001302246886329535,56.584522531489284,0.0038484646629374517,13.854472786574826
12,3,6.770655198532983e-05,58.68747857196512,0.0018282300113352287,6.581628040806823
13,3,4.2000300725654385e-05,60.530498867889676,0.0010696634786534062,3.850788523152262
14,3,1.5218923901209079e-05,62.28392268804092,0.0003684247403632657,1.3263290653077566
-14,4,1.5144782555996777e-05,62.6998512062014,0.00036163276293832745,1.3018779465779788
-13,4,3.579080744324868e-05,61.106534072868016,0.0008986203496227941,3.2350332586420585
-12,4,6.448493361867647e-05,59.170510283131115,0.0017064507927657018,6.143222853956527
-11,4,0.00010789739608874962,57.330248700063294,0.0030924509690548473,11.13282348859745
-10,4,0.00017502725392462372,55.00137456233415,0.0054987121400589985,19.795363704212395
-9,4,0.0002509182042909807,52.597954541569486,0.008491482801741206,30.569338086268342
-8,4,0.0003692531076885581,49.881776163374376,0.013651172733824726,49.14422184176902
-7,4,0.0005233511671302183,46.94290552101083,0.020544416115146114,73.959898014526
-6,4,0.0007498552225918671,43.6924842705338,0.03132902990194077,112.78450764698678
-5,4,0.0010486929458862941,40.299687218201356,0.04661204178066684,167.8033504104006
-4,4,0.0013857312399715748,36.84676350360221,0.0656443528239179,236.31967016610443
-3,4,0.001836539769811506,33.48170625883518,0.09214022941659322,331.7048258997356
-2,4,0.0021962256037603195,30.64809545068739,0.11476487773503768,413.1535598461357
-1,4,0.0025963927354421407,28.657722193399803,0.13909678077146573,500.7484107772766
0,4,0.0027796864751617745,27.936368137483942,0.15023031892787225,540.8291481403401
1,4,0.0025822842603272973,28.624915826615382,0.1383981311691831,498.2332722090591
2,4,0.0022137317055683074,30.643907896241302,0.1156899796695,416.4839268102
3,4,0.001811765660169948,33.53783907599377,0.09080971984724893,326.9149914500962
4,4,0.0014275919289764851,36.83371058453472,0.06764378696119698,243.51763306030912
5,4,0.0010522304457770352,40.305412872761906,0.046765454626918335,168.355636656906
6,4,0.0007590926476931966,43.673742618661244,0.03172414884707367,114.20693584946521
7,4,0.0005339599796466597,46.94051621946237,0.020958354342762293,75.45007563394425
8,4,0.0003629445417428964,49.88139004408493,0.013422422579073678,48.32072128466524
9,4,0.00025573276326742246,52.57280937094442,0.0086625047580761,31.18501712907396
10,4,0.00017415381284227374,55.08287103706336,0.005454072594879132,19.634661341564875
11,4,0.00010389760849139477,57.26742914006445,0.0029855494102327667,10.74797787683796
12,4,7.283792996690179e-05,59.1875626836409,0.001924294624678931,6.927460648844152
13,4,3.3293135734918864e-05,61.02370607299271,0.00083842512985762,3.0183304674874316
14,4,1.4029552855810183e-05,62.753039258619694,0.000334546555134039,1.2043675984825404
-14,5,1.0850019108403258e-05,63.24292659239661,0.0002547218519498282,0.9169986670193815
-13,5,3.0188036957236513e-05,61.54939565882339,0.0007482674236587391,2.6937627251714606
-12,5,5.16866405014463e-05,59.954589913840984,0.0013333451604655364,4.800042577675931
-11,5,9.275553443310143e-05,58.09430084465515,0.0025713171838374098,9.256741861814675
-10,5,0.00014552401182278828,56.04646985147428,0.004397234040738788,15.830042546659637
-9,5,0.00020673608788049933,53.801712320083915,0.006743972501962488,24.278301007064957
-8,5,0.000298597276295405,51.38566534060912,0.010515425255810309,37.85553092091711
-7,5,0.00043436493331594706,48.80877080472685,0.01649689718891684,59.38882988010062
-6,5,0.0006097751972496257,45.97740414938333,0.0243397798757888,87.62320755283969
-5,5,0.0007954139146404179,43.13141936957299,0.03359848756676801,120.95455524036484
-4,5,0.001058180043807669,40.30386061590761,0.047024317355892555,169.2875424812132
-3,5,0.0013263592370422541,37.70468633436901,0.061840914218971435,222.62729118829716
-2,5,0.0016008324197253475,35.49133834627749,0.07768548619412147,279.6677502988373
-1,5,0.0018219997469680553,34.035654381477904,0.09060374781784648,326.17349214424735
0,5,0.00205845686900315,33.521258086344695,0.1031937608813459,371.4975391728452
1,5,0.0018849244620935339,33.99806951052937,0.09378439347345968,337.62381650445485
2,5,0.0016100073693620966,35.48073541204359,0.07814872607032179,281.33541385315846
3,5,0.001302029294496367,37.680104028426946,0.06073251527281102,218.63705498211965
4,5,0.0010630592748063765,40.266614646283884,0.047275511819707614,170.1918425509474
5,5,0.0007712421045699512,43.142469487884085,0.03257408956197458,117.26672242310848
6,5,0.0005889373056488044,45.99206003839805,0.023504908791047045,84.61767164776936
7,5,0.00040954343457743806,48.776127100601585,0.015562443633008332,56.02479707883
8,5,0.00029285000239344557,51.30178779462222,0.010340373779041699,37.225345604550114
9,5,0.00020028646405920633,53.79290201341441,0.006535313595613769,23.52712894420957
10,5,0.00013910100519891225,55.93710471627355,0.004221386006049218,15.196989621777185
11,5,9.082846000429543e-05,58.048963379710735,0.002521657082790713,9.077965498046566
12,5,5.14260364269281e-05,59.922371651523875,0.0013305852089207566,4.790106752114724
13,5,2.6733910301371282e-05,61.607925265381525,0.0006612915498931571,2.3806495796153655
14,5,1.0897253041386256e-05,63.11187038509748,0.00025680115799878205,0.9244841687956153
-14,6,7.5471461675099846e-06,63.573094991214276,0.0001750333606119184,0.6301200982029063
-13,6,2.4703713923132966e-05,62.361191184397015,0.0005964532072205224,2.1472315459938804
-12,6,4.549413600276373e-05,60.64942568106861,0.0011562010391359316,4.162323740889354
-11,6,7.110100145510239e-05,58.992501520832135,0.0018938007933465494,6.817682856047578
-10,6,0.00011259240941547744,57.210816542795385,0.0032431783105262763,11.675441917894595
-9,6,0.0001659102751930146,55.183919213759076,0.005179193589997558,18.645096923991208
-8,6,0.00023069336148945905,52.96752804694833,0.007718403392562372,27.78625221322454
-7,6,0.0003218781290381688,50.730666150476054,0.011587835055042375,41.71620619815255
-6,6,0.0004428264823029118,48.35192894893174,0.016972829972552263,61.102187901188145
-5,6,0.0006008848360915864,45.97814432056283,0.023983763502630952,86.34154860947143
-4,6,0.0007608275944139104,43.690100307196616,0.031791298951749564,114.44867622629843
-3,6,0.0009529191640456474,41.60218544439771,0.04139079955937508,149.0068784137503
-2,6,0.0011393612925793325,39.98914998287564,0.0509280704896723,183.34105376282028
-1,6,0.001300786260203704,38.86135160175324,0.05935660767083403,213.68378761500253
0,6,0.0014223916331152027,38.4819356333333,0.06536680001734971,235.32048006245896
1,6,0.0013303959844710095,38.86392368148471,0.060706426030634884,218.5431337102856
2,6,0.0011207521993392361,39.97128233139067,0.0501092307935495,180.39323085677822
3,6,0.0009464691594542789,41.643828778447315,0.041080805237459043,147.89089885485257
4,6,0.0007643847828513674,43.75080625204577,0.031902255512596796,114.84811984534846
5,6,0.0005842589239361186,45.96690313899874,0.023326597269299774,83.97575016947918
6,6,0.0004473586588318032,48.35701332892785,0.017151881103797128,61.74677197366966
7,6,0.00031856855819033144,50.6919437737649,0.011482093222322562,41.335535600361226
8,6,0.00022850372530748507,53.00948889958901,0.007635211305392094,27.486760699411537
9,6,0.00015762068815527346,55.1338064473123,0.004930182023888401,17.748655285998243
10,6,0.00010275402886349852,57.15948139393061,0.0029651131063995933,10.674407183038536
11,6,7.678523430551546e-05,58.98513514588504,0.0020482036581566682,7.373533169364006
12,6,4.491083727621134e-05,60.75037160831023,0.0011381545615597884,4.097356421615238
13,6,2.3493318259884e-05,62.32032732323147,0.0005679298479611256,2.0445474526600522
14,6,9.606047852419983e-06,63.74711323901758,0.000221303222661584,0.7966916015817024
-14,7,8.489390515040296e-06,64.38702482451332,0.00019021458692249042,0.6847725129209655
-13,7,1.9689957803194474e-05,63.04403962715728,0.0004651501077611997,1.674540387940319
-12,7,3.268481220522471e-05,61.598519042209965,0.0008088857248809168,2.9119886095713
-11,7,5.5655309172580314e-05,59.98390228199845,0.0014363701905129064,5.170932685846463
-10,7,8.865546918137021e-05,58.2876683195129,0.0024362528689779615,8.770510328320661
-9,7,0.00012675669380377922,56.592103727163696,0.0037449405327681785,13.481785917965443
-8,7,0.00016823688043241964,54.66331040364561,0.005344623509977077,19.240644635917477
-7,7,0.00024836284386788667,52.759125221093925,0.008363869467260808,30.109930082138906
-6,7,0.0003203950867793371,50.70009828444005,0.011543241837626088,41.55567061545391
-5,7,0.0004417785443574832,48.789961940190445,0.016786065968052263,60.42983748498815
-4,7,0.0005606273885828928,46.95134002363455,0.022005546994729574,79.21996918102647
-3,7,0.0006450927339251634,45.29168014040818,0.026095079280763593,93.94228541074894
-2,7,0.0008003338504432689,43.93516614361523,0.03327646568586615,119.79527646911812
-1,7,0.0008746349934912783,43.16251100100777,0.03692502192202687,132.93007891929673
0,7,0.0009939622289050064,42.8504096364275,0.04220757968137579,151.94728685295286
1,7,0.0009174652785716047,43.12606700593972,0.03875432832651571,139.51558197545654
2,7,0.0007932927400497278,43.96538429776938,0.03295866370416545,118.6511893349956
3,7,0.0006804134579612016,45.2962727936542,0.027519103949028928,99.06877421650414
4,7,0.0005296224059216177,46.90689422170597,0.020797691171087998,74.87168821591679
5,7,0.00041035882131231757,48.75198856685701,0.015607252766581285,56.18610995969262
6,7,0.00031523434010965524,50.70875759466652,0.01135508326943051,40.878299769949834
7,7,0.0002465492745506532,52.72798336058371,0.008310619197369072,29.91822911052866
8,7,0.00018303450453605077,54.661227739421086,0.005815433596628774,20.935560947863586
9,7,0.00013227256307315124,56.56127111323848,0.003912200196864203,14.083920708711132
10,7,8.71997840965613e-05,58.36849085374618,0.0023873880383461256,8.594596938046053
11,7,5.90169792973291e-05,60.01769881894201,0.0015210229216262336,5.475682517854441
12,7,3.826889486063153e-05,61.54567406487819,0.0009485209831737396,3.4146755394254624
13,7,1.8148131450946797e-05,63.13439626098659,0.0004274649131832105,1.5388736874595577
14,7,6.557677627666197e-06,64.3949231734629,0.0001467694173855438,0.5283699025879577
-14,8,5.640039201151876e-06,65.08059993440851,0.00012126697129365384,0.4365610966571538
-13,8,1.558774213166023e-05,63.642006700312926,0.00036073230694537076,1.2986363050033347
-12,8,2.840136225741733e-05,62.53383944138373,0.0006821725059666358,2.455821021479889
-11,8,4.623561816294893e-05,61.04358753071591,0.0011635055377608218,4.188619935938958
-10,8,6.553160262907765e-05,59.57330020923209,0.0017091420033181204,6.152911211945233
-9,8,9.53729008236884e-05,57.995918920836054,0.0026556985225086637,9.56051468103119
-8,8,0.00013800063195377479,56.333557355978776,0.0041205041374460264,14.833814894805695
-7,8,0.00017576045508607615,54.712115017468925,0.005573832762260922,20.06579794413932
-6,8,0.0002444655835872291,52.97350858038659,0.008176656530467093,29.435963509681535
-5,8,0.0002951757953115218,51.372333087022014,0.010398046956865593,37.43296904471614
-4,8,0.00037444730581489443,49.854101674701674,0.013851012984629877,49.863646744667555
-3,8,0.00045419083864017547,48.56225547143401,0.0173314362118082,62.39317036250952
-2,8,0.0005239639495872322,47.57597218211747,0.020356706808194312,73.28414450949953
-1,8,0.000599251279831097,46.92764948628233,0.023533061815948185,84.71902253741347
0,8,0.0006590350152493353,46.70505791957952,0.02597366043755854,93.50517757521075
1,8,0.0005933104148310995,46.91647990535493,0.023300923427524992,83.88332433908997
2,8,0.0005426935292828944,47.53056783089473,0.021097366649220295,75.95051993719306
3,8,0.0004600004740493193,48.59569026109675,0.01754778441760463,63.172023903376676
4,8,0.00036907407717645804,49.880586379552405,0.013642787250079854,49.114034100287476
5,8,0.00029683080256236936,51.34694453545251,0.010465765637560333,37.676756295217196
6,8,0.00023782568947676615,53.00812053660971,0.007946320486765263,28.606753752354948
7,8,0.0001706284770957849,54.66702851514367,0.005420406672954584,19.513464022636505
8,8,0.00013188072787196657,56.33980939393662,0.0039363622813438975,14.170904212838032
9,8,9.124453817115648e-05,58.00682579312455,0.0025385947172117053,9.13894098196214
10,8,6.450378293270112e-05,59.56057679370919,0.0016820919062708424,6.055530862575033
11,8,4.20023887214066e-05,61.082585431829074,0.0010558394055206106,3.801021859874198
12,8,2.57207343428174e-05,62.459893841756895,0.000619108210262266,2.2287895569441574
13,8,1.826752489293148e-05,63.78328616500256,0.00042015531970393636,1.512559150934171
14,8,5.7927809507831865e-06,64.95662076535527,0.00012552275324422544,0.4518819116792116
-14,9,5.263625672676912e-06,65.70460805161001,0.00010902517508249212,0.3924906302969716
-13,9,1.164921829319315e-05,64.5149381525967,0.0002590103301271534,0.9324371884577524
-12,9,1.8314074102540772e-05,63.29948378554266,0.00042900428095696524,1.5444154114450748
-11,9,2.966592203659667e-05,62.081199529636116,0.000722915787238918,2.602496834060105
-10,9,4.795097501916028e-05,60.857973446083136,0.0012120679055193822,4.3634444598697755
-9,9,6.783613964775826e-05,59.39889679650346,0.0017810467611601927,6.411768340176693
-8,9,9.628745045196086e-05,58.00939510874822,0.002679679234508894,9.646845244232019
-7,9,0.00012243515467889375,56.61210483584389,0.0036137970655549328,13.009669435997758
-6,9,0.0001661529990896214,55.16734062079791,0.00519035811775726,18.685289223926134
-5,9,0.00020567182736273056,53.76875059484517,0.006715447802272379,24.175612088180564
-4,9,0.00026042719971547444,52.54489855874421,0.008828972238508467,31.784300058630482
-3,9,0.0003071747951261762,51.575406276740736,0.010748819685611546,38.695750868201564
-2,9,0.00035409908922033866,50.67766866590539,0.012773699559595685,45.985318414544466
-1,9,0.00038691288863200473,50.23196331283164,0.014150622854504795,50.942242276217264
0,9,0.0004301503471619001,50.03634916999959,0.015829961942562164,56.98786299322379
1,9,0.00041392336058483495,50.210830877502865,0.015151929447129892,54.54694600966761
2,9,0.00036593431813908853,50.73013270149792,0.013172298338157527,47.4202740173671
3,9,0.0003047008386159286,51.50271002721223,0.01068873849660821,38.47945858778956
4,9,0.0002483309959082034,52.5456440336007,0.008417845696267452,30.304244506562828
5,9,0.00021252819915931946,53.83742364168326,0.006925412791602756,24.931486049769923
6,9,0.00016752329881427965,55.204662344665984,0.0052251466787990655,18.810528043676637
7,9,0.00012136485039486633,56.639667116138156,0.003579784612690075,12.887224605684269
8,9,8.894379073013296e-05,57.98552647316662,0.002478645175066614,8.92312263023981
9,9,6.296665974063356e-05,59.33167568133634,0.0016541535164827537,5.954952659337914
10,9,4.698733325397548e-05,60.823315383244505,0.0011888833333248174,4.279979999969343
11,9,3.231817836584996e-05,62.211208960525944,0.000783737781554148,2.8214560135949327
12,9,2.119908117870662e-05,63.372900461656855,0.0004952581571361412,1.7829293656901082
13,9,1.0054518506843725e-05,64.67381655430411,0.00022173572044325904,0.7982485935957325
14,9,5.1462084308424965e-06,65.68340756018902,0.00010657295027559956,0.3836626209921584
-14,10,4.668718030558547e-06,66.27472160065729,9.368971761817284e-05,0.33728298342542223
-13,10,9.300777959561243e-06,65.36799560778333,0.0001966405312192721,0.7079059123893795
-12,10,1.874600149008107e-05,64.24424040415121,0.00042279606579005864,1.522065836844211
-11,10,2.4181779400572823e-05,63.15849129175627,0.0005693720139464798,2.049739250207327
-10,10,3.509469331966084e-05,61.96602079237643,0.0008580432455583119,3.088955684009923
-9,10,4.569415326085058e-05,60.81482721603723,0.0011561628036851057,4.162186093266381
-8,10,6.55537281072936e-05,59.562045749822595,0.0017105939713497262,6.158138296859014
-7,10,8.712659368146618e-05,58.334450352769565,0.0023897987693939494,8.603275569818218
-6,10,0.00010261707074554812,57.149367785675096,0.0029631852742594226,10.66746698733392
-5,10,0.00013980363429924255,56.06221522124846,0.004220010512071613,15.192037843457808
-4,10,0.00016206101118880058,54.96049474740101,0.005097682469757302,18.351656891126286
-3,10,0.0001881159473988783,54.26419870822517,0.00605108040784492,21.78388946824171
-2,10,0.00023319482840808317,53.559118142135986,0.007664093981888182,27.590738334797457
-1,10,0.0002479912130638345,53.13676553093451,0.008254807507658399,29.717307027570236
0,10,0.0002865858198966954,53.04957145068708,0.00956412285173702,34.43084226625327
1,10,0.00024996832205890243,53.19718688573912,0.008304778041998459,29.897200951194453
2,10,0.00021717502386805123,53.548046511958724,0.007139925073356306,25.703730264082704
3,10,0.00019321944016197434,54.21581604753064,0.006226416516880954,22.415099460771433
4,10,0.00016043906739979707,55.02279775279649,0.005036444811843746,18.131201322637487
5,10,0.00014200374543723841,55.96506510745412,0.004303165776171486,15.49139679421735
6,10,0.00010271053328217303,57.23360071939223,0.0029549590361000835,10.6378525299603
7,10,8.90268602872856e-05,58.32467407100197,0.0024419712107865412,8.791096358831549
8,10,6.788279371647171e-05,59.52873981772695,0.001772426441145452,6.380735188123627
9,10,4.7294795945940774e-05,60.80947681631514,0.0011966576574837335,4.307967566941441
10,10,3.5675971090591e-05,61.94915782687318,0.0008726798308689546,3.1416473911282363
11,10,2.409207666741336e-05,63.101273187308145,0.0005680995132079129,2.0451582475484864
12,10,1.7689043130297225e-05,64.2813396275587,0.0003982939792351793,1.4338583252466455
13,10,9.877581829981706e-06,65.48337681076644,0.00020712365672481085,0.745645164209319
14,10,4.0488638602123114e-06,66.40548548095165,8.080892679452981e-05,0.29091213646030734
-14,11,2.7531864423259975e-06,67.32104878890051,5.3376404914344484e-05,0.19215505769164015
-13,11,7.342945992439798e-06,66.13466999150985,0.00014845841151831904,0.5344502814659485
-12,11,1.184654989336535e-05,65.219434416502,0.00025256825467809545,0.9092457168411436
-11,11,1.8584534446904667e-05,64.09533096299391,0.00042164917165966463,1.5179370179747926
-10,11,2.230059699523184e-05,63.157870877882026,0.0005250024062016851,1.8900086623260666
-9,11,3.374431095882362e-05,62.05125276844001,0.000822644477979985,2.961520120727946
-8,11,4.128379843154834e-05,61.08384713688635,0.001037331951170797,3.734395024214869
-7,11,5.7034163601256914e-05,59.959676377150686,0.001471878695103429,5.298763302372345
-6,11,7.578472286010251e-05,59.0245302521933,0.0020158501173389064,7.257060422420063
-5,11,8.390584179437926e-05,58.11469689176357,0.002323906576045127,8.366063673762458
-4,11,0.00010757642114785625,57.2754861271639,0.00309047241268471,11.125700685664956
-3,11,0.00013307586914718803,56.56737312164108,0.003936022021239515,14.169679276462254
-2,11,0.00014397740026004868,56.01325928379803,0.00435481797537256,15.677344711341217
-1,11,0.00015448856349200505,55.71253736212664,0.004727046869482606,17.01736873013738
0,11,0.00017447443409805124,55.54878817471864,0.005372777671985864,19.34199961914911
1,11,0.0001468696443296892,55.73215460972013,0.004493134168123293,16.175283005243855
2,11,0.0001461837238077672,56.0042265466205,0.004422957539330687,15.922647141590472
3,11,0.00012505380960618542,56.609474069879894,0.0036933225956456506,13.295961344324342
4,11,0.00010530398883252532,57.281459375619974,0.003022362035104798,10.880503326377273
5,11,8.424536325959796e-05,58.03549212927416,0.0023413853139770085,8.42898713031723
6,11,7.498124924409023e-05,58.96978117054648,0.001999906371457913,7.199662937248487
7,11,5.623377760783374e-05,60.0819897049429,0.0014469192206582472,5.2089091943696895
8,11,4.5257109748106955e-05,61.01959032998891,0.001139218055779696,4.101185000806906
9,11,3.147990093455175e-05,62.08249060142567,0.0007668063005802689,2.7605026820889678
10,11,2.3895874190492016e-05,63.175155579056714,0.0005620584312669779,2.0234103525611205
11,11,1.4092401259059425e-05,64.24027598482603,0.0003176735019811058,1.1436246071319809
12,11,1.0973689675333639e-05,65.21898087711453,0.00023399125280493737,0.8423685100977746
13,11,5.065050742009016e-06,66.08982177778005,0.00010261377698148387,0.3694095971333419
14,11,3.4628744924504895e-06,67.17552431450594,6.725262395572753e-05,0.2421094462406191
-14,12,1.460092038583255e-06,67.81837389049193,2.8119703495134674e-05,0.10123093258248482
-13,12,4.996671944919713e-06,67.0128246824343,9.74374259868576e-05,0.35077473355268735
-12,12,6.273065152371852e-06,66.08179641490756,0.00012709582483094243,0.4575449693913927
-11,12,1.0974308306337842e-05,65.22042098350427,0.0002340771102582047,0.8426775969295369
-10,12,1.3658262919820437e-05,64.3375199156033,0.00030665525030366454,1.1039589010931923
-9,12,2.010926846362976e-05,63.407073157286234,0.00046925651490170605,1.689323453646142
-8,12,2.66951627334593e-05,62.4521312713895,0.0006425457004912811,2.313164521768612
-7,12,3.8867285940573654e-05,61.52374066288161,0.0009642774643095962,3.4713988715145465
-6,12,4.212585727416303e-05,60.66068528217737,0.0010703468369502056,3.85324861302074
-5,12,5.9985096700191266e-05,59.97573556767319,0.0015467155443557186,5.5681759596805875
-4,12,6.887311339946377e-05,59.18738506922336,0.0018207727379844834,6.554781856744141
-3,12,7.080945782516017e-05,58.68502203370524,0.0019116800982781203,6.882048353801233
-2,12,8.42385130647388e-05,58.302668556634636,0.0023130702953023385,8.32705306308842
-1,12,8.727770606936348e-05,57.954715418243794,0.002434245783571533,8.76328482085752
0,12,9.863942577512246e-05,57.898993615526074,0.0027579955413221326,9.928783948759678
1,12,9.478395228671448e-05,57.981381380590015,0.0026400579450398622,9.504208602143503
2,12,8.030319538703742e-05,58.246944066313965,0.0022107020889774475,7.958527520318811
3,12,7.364929140974501e-05,58.65546549761212,0.001991637391963013,7.169894611066846
4,12,6.0507981339566176e-05,59.17799964225129,0.0015998342419093223,5.75940327087356
5,12,5.5883841174901205e-05,59.935581301610895,0.0014425055310556755,5.193019911800432
6,12,4.263495314783915e-05,60.71236426565149,0.0010810265592249518,3.891695613209827
7,12,3.6308262795954084e-05,61.52521487401639,0.0009003603590214308,3.241297292477151
8,12,2.9640935040041767e-05,62.5288443585546,0.0007119250190396581,2.562930068542769
9,12,2.160098505425211e-05,63.371323498319356,0.000504673068414047,1.816823046290569
10,12,1.6562646604692903e-05,64.22157811284463,0.0003740518376820301,1.3465866156553083
11,12,1.0092145860292619e-05,65.2414390356529,0.00021494922390147674,0.7738172060453162
12,12,6.269479461838329e-06,66.0944049229699,0.00012698192874424215,0.45713494347927175
13,12,2.792123377537226e-06,66.98068674456118,5.453963819883521e-05,0.19634269751580677
14,12,2.4791646005435036e-06,67.74402718973839,4.769675492407097e-05,0.17170831772665548
-14,13,1.4081148388731488e-06,68.65368230273337,2.6136203708672796e-05,0.09409033335122206
-13,13,2.473826864149619e-06,67.79875801367795,4.761303809841869e-05,0.1714069371543073
-12,13,3.488445511380649e-06,66.99601779030179,6.809984577825142e-05,0.2451594448017051
-11,13,5.768267842321054e-06,66.17824631788943,0.00011633534062501642,0.4188072262500591
-10,13,8.556075854213736e-06,65.36983973689253,0.00018071725081349681,0.6505821029285885
-9,13,1.1864330653426984e-05,64.60746702303253,0.00026243296400170257,0.9447586704061293
-8,13,1.4462898983465787e-05,63.769638137727384,0.00033279366272878825,1.1980571858236377
-7,13,1.8017013574953272e-05,62.91351265945096,0.00042741295338533076,1.5386866321871908
-6,13,2.1323370348757455e-05,62.262911190180944,0.0005164013551394236,1.859044878501925
-5,13,3.1883364265209894e-05,61.551735873724475,0.0007899653164612424,2.8438751392604726
-4,13,3.5579249043800643e-05,61.038974888965534,0.0008952593656375223,3.2229337162950804
-3,13,4.0822889768631356e-05,60.64910683434243,0.0010359077814554023,3.7292680132394485
-2,13,4.410226227763754e-05,60.276327531829835,0.0011299876723830286,4.067955620578903
-1,13,5.0248321469248666e-05,60.01366677466394,0.0012951299644857006,4.662467872148523
0,13,5.379866172006169e-05,59.93381529462778,0.0013900223274540735,5.004080378834664
1,13,5.099190975073636e-05,60.01627608473028,0.00131346000091954,4.728456003310344
2,13,4.718496127219378e-05,60.1835742535224,0.0012110325749154656,4.359717269695676
3,13,4.054591672388083e-05,60.52227957334499,0.0010324000375731982,3.7166401352635137
4,13,3.284566519234671e-05,61.037953940590064,0.0008269595440352073,2.9770543585267464
5,13,2.884047079843022e-05,61.62238477934475,0.000713023768368597,2.566885566126949
6,13,2.1114810052703715e-05,62.362506520845024,0.0005097201605314533,1.834992577913232
7,13,1.91215797146147e-05,63.086668330758606,0.0004511370253585261,1.624093291290694
8,13,1.5271932785060855e-05,63.73554104129159,0.00035212891951633325,1.2676641102587998
9,13,1.0744854817719975e-05,64.53317426922555,0.00023855500073377277,0.8587980026415819
10,13,7.694644903035155e-06,65.34775850380846,0.00016279604197889745,0.5860657511240308
11,13,5.012917579615878e-06,66.35183555917611,0.0001002259251433836,0.360813330516181
12,13,3.3815016097225944e-06,66.92866662037399,6.613142169992576e-05,0.23807311811973272
13,13,2.027732394250894e-06,67.75440134785903,3.8984513316989194e-05,0.1403442479411611
14,13,1.09215830963387e-06,68.46703135949254,2.0532790734930895e-05,0.07391804664575122
-14,14,8.456064291589697e-07,69.18744696260036,1.5076235024711197e-05,0.05427444608896031
-13,14,7.649218365334779e-07,68.4551052369985,1.437022738730179e-05,0.051732818594286446
-12,14,1.910609298177614e-06,67.80343555121974,3.678778563087237e-05,0.13243602827114054
-11,14,2.6694486311569905e-06,67.04160647570808,5.205088857038004e-05,0.18738319885336815
-10,14,3.3471738419813484e-06,66.31486074832166,6.69887646000624e-05,0.24115955256022464
-9,14,4.655698064973958e-06,65.6808317428882,9.650428136337803e-05,0.3474154129081609
-8,14,4.797576228688849e-06,64.8912245951401,0.00010444886530776264,0.3760159151079455
-7,14,7.606902109513423e-06,64.32206212679466,0.00017098951340310543,0.6155622482511796
-6,14,1.1340749711759016e-05,63.689230397493375,0.0002619215017404729,0.9429174062657023
-5,14,1.407711723933759e-05,63.21535845963393,0.0003307191598296471,1.1905889753867296
-4,14,1.4329899230364366e-05,62.69541790802322,0.00034230265122162383,1.2322895443978459
-3,14,1.6225793901078173e-05,62.216048305984856,0.00039353333058958734,1.4167199901225145
-2,14,1.718931602142242e-05,61.98413237535075,0.0004200143237473124,1.5120515654903246
-1,14,1.8798697969417904e-05,61.86335703805825,0.00046134626179839493,1.6608465424742218
0,14,2.1263246534232075e-05,61.74944541999162,0.0005237318901237127,1.885434804445366
1,14,1.8127733980949367e-05,61.81041122000242,0.00044575737346256715,1.6047265444652417
2,14,2.0128508686974722e-05,61.97278627838262,0.0004923155647778066,1.7723360332001037
3,14,1.6832316763607922e-05,62.37121079989125,0.0004062102038272215,1.4623567337779975
4,14,1.558293412791026e-05,62.64543251150629,0.0003727024086346136,1.341728671084609
5,14,1.0835753051678502e-05,63.27578478806591,0.0002540176124787767,0.9144634049235962
6,14,1.1880816433293628e-05,63.65784426725756,0.0002746308800833271,0.9886711682999776
7,14,8.485606591499157e-06,64.39868149010678,0.00018996841947258958,0.6838863101013225
8,14,4.750620882122461e-06,65.15128036160755,0.00010187051537579144,0.3667338553528492
9,14,6.37070111716384e-06,65.68609482095653,0.00013194718429215268,0.47500986345174967
10,14,3.453516485374687e-06,66.41136560871975,6.881262083200594e-05,0.24772543499522137
11,14,1.9681526067398937e-06,67.10700464806145,3.8220857300344345e-05,0.13759508628123965
12,14,1.461568410226903e-06,67.79825645670387,2.8135764269245303e-05,0.10128875136928309
13,14,8.656867866974092e-07,68.67482967061457,1.6072403647145945e-05,0.0578606531297254
14,14,4.2629455192697256e-07,69.01484601804599,7.708612119207587e-06,0.027751003629147314
